decision,reason_code,reason,title,year,venue,doi,arxiv,url,source_file,abstract_snippet
REVIEW,R_TRACK_ARRAY,Tracking terms with array/radar context; DOA not explicit.,Deconvolved Conventional Beamforming and Adaptive Cubature Kalman Filter Based Distant Speech Perception System,2020,IEEE Access,10.1109/access.2020.3030814,,https://ieeexplore.ieee.org/stamp/stamp.jsp?arnumber=9222129,ieee_xplore_2026-02-19_05-59-34.csv,"A spatial-temporal processing framework integrated of speech enhancement and speech tracking is proposed in this paper for distant speech perception. First, weak speech signals are enhanced by the deconvolved conventional beamforming (DCBF) with a microphone array. By virtue of t..."
REVIEW,R_DOA_ONLY,Mentions DOA/AoA but no explicit Kalman/tracking terms; review.,DOA Estimation on Sub-Array Geometry Using Model Based Approach,2019,2019 International Conference on Applied Machine Learning (ICAML),10.1109/icaml48257.2019.00018,,https://ieeexplore.ieee.org/stamp/stamp.jsp?arnumber=8989248,ieee_xplore_2026-02-19_05-59-34.csv,"The paper presents a model-based method to estimate the DOAs of multiple targets using various adaptive algorithms. The model the parameters of the LTI system are considered as the weight associating the adaptive filter. Further to improve the performance, the geometry of the Ant..."
EXCLUDE,E_NOT_DOA,No DOA/AoA/array context in title/abstract.,Kalman Filter for Dynamic Imaging Based on Complex Empirical Covariances,2023,2023 IEEE 9th International Workshop on Computational Advances in Multi-Sensor Adaptive Processing (CAMSAP),10.1109/camsap58249.2023.10403483,,https://ieeexplore.ieee.org/stamp/stamp.jsp?arnumber=10403483,ieee_xplore_2026-02-19_05-59-34.csv,"Kalman filter (KF) is a priori unsuitable for the estimation from sample covariance matrices as they cannot be formulated analytically as a function of state parameters to be estimated. In this work, we propose a novel KF adapted to sample covariance matrices under the unconditio..."
INCLUDE,I_DOA_TRACK,Mentions DOA/AoA and tracking (Kalman/EKF/UKF/innovation).,RF emitter localization and beam pattern auto-calibration using amplitude comparison of a two-element array,2015,2015 IEEE 6th International Workshop on Computational Advances in Multi-Sensor Adaptive Processing (CAMSAP),10.1109/camsap.2015.7383799,,https://ieeexplore.ieee.org/stamp/stamp.jsp?arnumber=7383799,ieee_xplore_2026-02-19_05-59-34.csv,"Amplitude comparison is an efficient method to find the direction of arrival (DOA) of a radio frequency (RF) emitter. However, the DOA accuracy obtained by this method is usually poor due to beam pattern distortion. This paper provides a localization and beam pattern auto-calibra..."
EXCLUDE,E_NOT_DOA,No DOA/AoA/array context in title/abstract.,Passive Multisource Tracking via Distributed Sparse Arrays: Homogeneous Data Fusion and Multivariate Adaptation,2025,IEEE Transactions on Intelligent Transportation Systems,10.1109/tits.2025.3528421,,https://ieeexplore.ieee.org/stamp/stamp.jsp?arnumber=10850592,ieee_xplore_2026-02-19_05-59-34.csv,"The global navigation satellite systems (GNSS) are crucial for applications such as traffic monitoring, intelligent transportation systems and advanced driver assistance systems; however, they are prone to large deviations or even failures in hidden scenarios such as urban canyon..."
EXCLUDE,E_ARRAY_NO_DOA_TRACK,Array/radar terms but no DOA or tracking terms.,Pose-Aware 3D Beamwidth Adaptation for Mobile Extended Reality,2024,ICC 2024 - IEEE International Conference on Communications,10.1109/icc51166.2024.10622341,,https://ieeexplore.ieee.org/stamp/stamp.jsp?arnumber=10622341,ieee_xplore_2026-02-19_05-59-34.csv,This paper presents a sensor-aided pose-aware beamwidth adaptation design for a conceptual extended reality (XR) Head-Mounted Display (HMD) equipped with a 2D planar array. The beam is tracked and adapted on the user side by leveraging HMD orientation estimates. The beamwidth ada...
INCLUDE,I_DOA_TRACK,Mentions DOA/AoA and tracking (Kalman/EKF/UKF/innovation).,Robust Vehicle Localization Based on Adaptive DOA Estimation and UKF under Varying Interference Conditions,2026,2026 IEEE 23rd Consumer Communications & Networking Conference (CCNC),10.1109/ccnc65079.2026.11366311,,https://ieeexplore.ieee.org/stamp/stamp.jsp?arnumber=11366311,ieee_xplore_2026-02-19_05-59-34.csv,"Accurate localization in GPS-denied environments is vital for ITS and vehicular networks. While Root-MUSIC offers high accuracy in clean LoS conditions, FBSS enhances robustness under multipath and interference. To overcome the limitations of fixed estimators, this paper proposes..."
EXCLUDE,E_NOT_DOA,No DOA/AoA/array context in title/abstract.,Deep Fuzzy System for Dual-Station Target Tracking With Azimuth and Doppler Measurements,2025,IEEE Transactions on Fuzzy Systems,10.1109/tfuzz.2024.3519767,,https://ieeexplore.ieee.org/stamp/stamp.jsp?arnumber=10806764,ieee_xplore_2026-02-19_05-59-34.csv,"To address the issues of excessive estimation error and unstable filtering caused by uncertainties in process noise and system models, we propose a Wang–Mendel fuzzy system (WMFS)-based unscented Kalman filter (UKF) algorithm for dual-station target tracking with azimuth and Dopp..."
REVIEW,R_TRACK_ARRAY,Tracking terms with array/radar context; DOA not explicit.,CoPreMo: A Collaborative Predictive Model in Time Series and Its Application to Radar Target Tracking for ADAS/AD Vehicles,2025,IEEE Transactions on Intelligent Vehicles,10.1109/tiv.2024.3461730,,https://ieeexplore.ieee.org/stamp/stamp.jsp?arnumber=10681252,ieee_xplore_2026-02-19_05-59-34.csv,"Automotivedriving assistant systems (ADAS) and Automated driving (AD) technologies are commonly employed in the control of unmanned vehicles along a path. However, like many other technologies, they come with risks, including potential misdirection and collisions with obstacles a..."
EXCLUDE,E_NOT_DOA,No DOA/AoA/array context in title/abstract.,Generating Augmented Quaternion Random Variable With Generalized Gaussian Distribution,2018,IEEE Access,10.1109/access.2018.2848202,,https://ieeexplore.ieee.org/stamp/stamp.jsp?arnumber=8386761,ieee_xplore_2026-02-19_05-59-34.csv,"There is a need to generate quaternion valued processes with a given distribution ranging from super-Gaussian, Gaussian to sub-Gaussian with different degrees of properness for numerous practical applications, such as modeling the signal source, testing nonlinear adaptive filter ..."
EXCLUDE,E_NOT_DOA,No DOA/AoA/array context in title/abstract.,Attention-Based End-to-End Differentiable Particle Filter for Audio Speaker Tracking,2024,IEEE Open Journal of Signal Processing,10.1109/ojsp.2024.3363649,,https://ieeexplore.ieee.org/stamp/stamp.jsp?arnumber=10428039,ieee_xplore_2026-02-19_05-59-34.csv,"Particle filters (PFs) have been widely used in speaker tracking due to their capability in modeling a non-linear process or a non-Gaussian environment. However, particle filters are limited by several issues. For example, pre-defined handcrafted measurements are often used which..."
EXCLUDE,E_ARRAY_NO_DOA_TRACK,Array/radar terms but no DOA or tracking terms.,An interference suppression algorithm for cognitive bistatic airborne radars,2022,Journal of Systems Engineering and Electronics,10.23919/jsee.2022.000056,,https://ieeexplore.ieee.org/stamp/stamp.jsp?arnumber=9813509,ieee_xplore_2026-02-19_05-59-34.csv,"Interference suppression is a challenge for radar researchers, especially when mainlobe and sidelobe interference coexist. We present a comprehensive anti-interference approach based on a cognitive bistatic airborne radar. The risk of interception is reduced by lowering the launc..."
EXCLUDE,E_NOT_DOA,No DOA/AoA/array context in title/abstract.,A Hybrid Positioning System for Location-Based Services: Design and Implementation,2020,IEEE Communications Magazine,10.1109/mcom.001.1900737,,https://ieeexplore.ieee.org/stamp/stamp.jsp?arnumber=9112749,ieee_xplore_2026-02-19_05-59-34.csv,"In this article, we propose a hybrid positioning system (HPS) for various seamless localization applications. The base stations in the HPS incorporate four wireless protocols, namely, WiFi, Bluetooth, ZigBee, and utral-wideband (UWB); as a result, the HPS shows better target dete..."
INCLUDE,I_DOA_TRACK,Mentions DOA/AoA and tracking (Kalman/EKF/UKF/innovation).,Adaptive Filters Versus Machine Learning Based Beam Tracking Techniques for Millimeter-Wave Wireless Communications Systems,2024,IEEE Access,10.1109/access.2024.3491870,,https://ieeexplore.ieee.org/stamp/stamp.jsp?arnumber=10744015,ieee_xplore_2026-02-19_05-59-34.csv,This work compares the data-based using (bidirectional long short-term memory (BiLSTM)) and model-based using (extended Kalman filter (EKF) and least mean squares (LMS)) strategies to track the communication beams for millimeter wave (mm-wave) vehicular communications. This work ...
EXCLUDE,E_NOT_DOA,No DOA/AoA/array context in title/abstract.,Novel Aiding Algorithm for Autonomous Pedestrian Navigation,2023,2023 30th Saint Petersburg International Conference on Integrated Navigation Systems (ICINS),10.23919/icins51816.2023.10168390,,https://ieeexplore.ieee.org/stamp/stamp.jsp?arnumber=10168390,ieee_xplore_2026-02-19_05-59-34.csv,An algorithm for pedestrian navigation with foot-mounted inertial measurement units (IMUs) based on the extended Kalman filter is presented. Its novelty is in adaptation of state covariances according to some diagnostic tests performed on the pedestrian’s trajectory. Two IMUs att...
EXCLUDE,E_ARRAY_NO_DOA_TRACK,Array/radar terms but no DOA or tracking terms.,Real-time characterization of the ionosphere using diverse data and models,2001,Radio Science,10.1029/1999rs002412,,https://ieeexplore.ieee.org/stamp/stamp.jsp?arnumber=7773941,ieee_xplore_2026-02-19_05-59-34.csv,"Complete descriptions of spatial and temporal distributions of the ionospheric plasma are necessary for scientific understanding and for several practical applications involving communication, radar, navigation, etc. Ionospheric diagnostic techniques, on the other hand, provide s..."
REVIEW,R_DOA_ONLY,Mentions DOA/AoA but no explicit Kalman/tracking terms; review.,RF-Source Seeking with Obstacle Avoidance Using Real-Time Modified Artificial Potential Fields in Unknown Environments,2025,"2025 25th International Conference on Control, Automation and Systems (ICCAS)",10.23919/iccas66577.2025.11301291,,https://ieeexplore.ieee.org/stamp/stamp.jsp?arnumber=11301291,ieee_xplore_2026-02-19_05-59-34.csv,"Navigation of UAVs in unknown environments with obstacles is essential for applications in disaster response and infrastructure monitoring. However, existing obstacle avoidance algorithms, such as Artificial Potential Field (APF), are unable to generalize across environments with..."
INCLUDE,I_DOA_TRACK,Mentions DOA/AoA and tracking (Kalman/EKF/UKF/innovation).,Direction of arrival tracking using adaptive robust subspace decomposition and Kalman filter,2023,"2023 20th International Multi-Conference on Systems, Signals & Devices (SSD)",10.1109/ssd58187.2023.10411231,,https://ieeexplore.ieee.org/stamp/stamp.jsp?arnumber=10411231,ieee_xplore_2026-02-19_06-02-26.csv,"In this paper, we consider directions of arrival estimation and tracking in a noisy and relatively adverse scenario. We thus use a robust subspace tracking method called HTFAPI that exploits a weighted least squares criterion to enhance robustness, followed by a smoothing Kalman ..."
INCLUDE,I_DOA_TRACK,Mentions DOA/AoA and tracking (Kalman/EKF/UKF/innovation).,Direction-of-Arrival Tracking of Multiple Fast-Moving Sources in Antenna Array based Access Networks,2020,ICC 2020 - 2020 IEEE International Conference on Communications (ICC),10.1109/icc40277.2020.9148870,,https://ieeexplore.ieee.org/stamp/stamp.jsp?arnumber=9148870,ieee_xplore_2026-02-19_06-02-26.csv,"This paper is concerned with the problem of simultaneously tracking the direction-of-arrival (DOA) of multiple fast moving sources using the vector-signal received by a small aperture antenna array of N elements. The antenna array may be located at the Node-B, eNode-B or gNode-B ..."
INCLUDE,I_DOA_TRACK,Mentions DOA/AoA and tracking (Kalman/EKF/UKF/innovation).,Tracking a Plane Wave Direction using Sparse Arrays with an Extended Kalman Filter,2024,NAECON 2024 - IEEE National Aerospace and Electronics Conference,10.1109/naecon61878.2024.10670645,,https://ieeexplore.ieee.org/stamp/stamp.jsp?arnumber=10670645,ieee_xplore_2026-02-19_06-02-26.csv,"This work focuses on estimating the direction of arrival of a plane wave from a moving source using time domain snapshots captured by a linear array. We employ an extended Kalman filter by linearizing the time domain measurement model. We consider the performance of a full array,..."
INCLUDE,I_DOA_TRACK,Mentions DOA/AoA and tracking (Kalman/EKF/UKF/innovation).,Frequency-domain Robust Underwater Direction-of-arrival Tracking,2025,2025 8th International Conference on Information Communication and Signal Processing (ICICSP),10.1109/icicsp66564.2025.11338321,,https://ieeexplore.ieee.org/stamp/stamp.jsp?arnumber=11338321,ieee_xplore_2026-02-19_06-02-26.csv,"The robust underwater frequency-domain direction-of-arrival (DOA) tracking is proposed to develop the performance of the DOA tracking in the scenario of uncertain environment noise. The time-domain signal received by hydrophone array is transform to frequency-domain signal, and t..."
INCLUDE,I_DOA_TRACK,Mentions DOA/AoA and tracking (Kalman/EKF/UKF/innovation).,Location Awareness Method for ADS-B Signal Source Based on Satellite,2022,"2022 15th International Congress on Image and Signal Processing, BioMedical Engineering and Informatics (CISP-BMEI)",10.1109/cisp-bmei56279.2022.9980146,,https://ieeexplore.ieee.org/stamp/stamp.jsp?arnumber=9980146,ieee_xplore_2026-02-19_06-02-26.csv,"Location awareness for a signal source based on satellite is one of a key technology to build an electromagnetic spectrum monitoring system based on satellite. It can realize large-scale, all-weather and long-time target position monitoring by using the high advantages of the sat..."
INCLUDE,I_DOA_TRACK,Mentions DOA/AoA and tracking (Kalman/EKF/UKF/innovation).,Adaptive Generalized Sidelobe Canceler Beamforming With Time-Varying Direction-of-Arrival Estimation for Arrayed Sensors,2020,IEEE Sensors Journal,10.1109/jsen.2019.2962215,,https://ieeexplore.ieee.org/stamp/stamp.jsp?arnumber=8943308,ieee_xplore_2026-02-19_06-02-26.csv,"Adaptive generalized sidelobe cancelers (GSCs) have been widely used to enhance the desired signal and instantaneously suppress interference signal and noise. However, the GSC beamforming method must know the direction of arrival (DOA) of the desired signal in advance. In this pa..."
INCLUDE,I_DOA_TRACK,Mentions DOA/AoA and tracking (Kalman/EKF/UKF/innovation).,Direction of Arrival Tracking using Orthogonal Dipoles,2024,2024 9th International Conference on Signal and Image Processing (ICSIP),10.1109/icsip61881.2024.10671444,,https://ieeexplore.ieee.org/stamp/stamp.jsp?arnumber=10671444,ieee_xplore_2026-02-19_06-02-26.csv,"In this paper, we propose a novel approach for tracking the direction of arrival (DOA) using a collocated microphone array equipped with double dipole microphones. Our method consists of two main steps. First, we employ a DOA estimation procedure based on a histogram-based wrappe..."
INCLUDE,I_DOA_TRACK,Mentions DOA/AoA and tracking (Kalman/EKF/UKF/innovation).,Direction-of-Arrival Tracking Loop for Single-Vector Hydrophone,2024,2024 OES China Ocean Acoustics (COA),10.1109/coa58979.2024.10723661,,https://ieeexplore.ieee.org/stamp/stamp.jsp?arnumber=10723661,ieee_xplore_2026-02-19_06-02-26.csv,"In dynamic scenarios, traditional single-vector hydrophone DOA estimation methods suffer from low accuracy. In this study, for the first time, the concept of a single-vector hydrophone DOA tracking loop is introduced. It employs an average intensity estimator or an active average..."
EXCLUDE,E_NOT_DOA,No DOA/AoA/array context in title/abstract.,An improved Kalman filter positioning method in NLOS environment,2019,China Communications,10.23919/jcc.2019.12.006,,https://ieeexplore.ieee.org/stamp/stamp.jsp?arnumber=8968725,ieee_xplore_2026-02-19_06-02-26.csv,"In the precision positioning system, NLOS (Non Line of Sight) propagation and clock synchronization error caused by multiple base stations are the main reasons for reducing the reliability of communication and positioning accuracy. So, in the NLOS environment, it has an important..."
INCLUDE,I_DOA_TRACK,Mentions DOA/AoA and tracking (Kalman/EKF/UKF/innovation).,Multi Direction-of-Arrival Tracking Using Rigid and Flexible Antenna Arrays,2021,IEEE Transactions on Wireless Communications,10.1109/twc.2021.3085753,,https://ieeexplore.ieee.org/stamp/stamp.jsp?arnumber=9463756,ieee_xplore_2026-02-19_06-02-26.csv,This paper is concerned with the problem of simultaneously tracking the direction-of-arrival (DOA) of far-field multiple moving sources/users in wireless communications using the vector-signal received by an antenna array of  $N$  elements. The antenna array can be rigid (fixed a...
INCLUDE,I_DOA_TRACK,Mentions DOA/AoA and tracking (Kalman/EKF/UKF/innovation).,Kalman Filter for Dynamic Estimation of Stochastic Radio Source Power and DoA,2024,"2024 58th Asilomar Conference on Signals, Systems, and Computers",10.1109/ieeeconf60004.2024.10942677,,https://ieeexplore.ieee.org/stamp/stamp.jsp?arnumber=10942677,ieee_xplore_2026-02-19_06-02-26.csv,"Interferometric measurements corresponds to sample covariance matrices of signals received by several sensors. In scenarios like dynamic radio astronomy imaging, the properties of these signals can vary over time, presenting a challenging case for study. In this context, this wor..."
INCLUDE,I_DOA_TRACK,Mentions DOA/AoA and tracking (Kalman/EKF/UKF/innovation).,Beamforming Optimization based on Kalman Filter for Vehicle in Constrained Route,2019,2019 IEEE International Symposium on Antennas and Propagation and USNC-URSI Radio Science Meeting,10.1109/apusncursinrsm.2019.8888482,,https://ieeexplore.ieee.org/stamp/stamp.jsp?arnumber=8888482,ieee_xplore_2026-02-19_06-02-26.csv,"By analyzing a simplified model for vehicles in a constrained route like High Speed Railway (HSR), it is found that when the distance between transmitter and route is short, the Direction of Arrival (DOA) changing speed is not a negligible effect. A Kalman Filter based solution i..."
INCLUDE,I_DOA_TRACK,Mentions DOA/AoA and tracking (Kalman/EKF/UKF/innovation).,DOA Tracking Via Signal-Subspace Projector Update,2020,"ICASSP 2020 - 2020 IEEE International Conference on Acoustics, Speech and Signal Processing (ICASSP)",10.1109/icassp40776.2020.9054122,,https://ieeexplore.ieee.org/stamp/stamp.jsp?arnumber=9054122,ieee_xplore_2026-02-19_06-02-26.csv,"We develop a novel direction-of-arrival (DOA) tracking method in which we directly operate the signal-subspace projector instead of tracking the subspace eigenbasis. In each time frame, we employ a multidimensional subspace fitting approach to track the signal-subspace projector ..."
INCLUDE,I_DOA_TRACK,Mentions DOA/AoA and tracking (Kalman/EKF/UKF/innovation).,A Fast Variational Bayesian Adaptive Extended Kalman Filter for Robust Underwater Direction-of-Arrival Tracking,2023,IEEE Sensors Journal,10.1109/jsen.2023.3275318,,https://ieeexplore.ieee.org/stamp/stamp.jsp?arnumber=10127645,ieee_xplore_2026-02-19_06-02-26.csv,"Underwater direction-of-arrival (DOA) tracking using hydrophone array is an important research subject in passive sonar signal processing. In this study, the robust underwater DOA tracking with the unknown measurement noise results from underwater environmental noise is concerned..."
INCLUDE,I_DOA_TRACK,Mentions DOA/AoA and tracking (Kalman/EKF/UKF/innovation).,Multichannel Overlapping Speaker Segmentation Using Multiple Hypothesis Tracking Of Acoustic And Spatial Features,2021,"ICASSP 2021 - 2021 IEEE International Conference on Acoustics, Speech and Signal Processing (ICASSP)",10.1109/icassp39728.2021.9414130,,https://ieeexplore.ieee.org/stamp/stamp.jsp?arnumber=9414130,ieee_xplore_2026-02-19_06-02-26.csv,An essential part of any diarization system is the task of speaker segmentation which is important for many applications including speaker indexing and automatic speech recognition (ASR) in multi-speaker environments. Segmentation of overlapping speech has recently been a key foc...
INCLUDE,I_DOA_TRACK,Mentions DOA/AoA and tracking (Kalman/EKF/UKF/innovation).,Three-Dimensional Direction Finding of Radio Sources in Low SNR Environments,2022,2022 International Conference on Advanced Technologies for Communications (ATC),10.1109/atc55345.2022.9942977,,https://ieeexplore.ieee.org/stamp/stamp.jsp?arnumber=9942977,ieee_xplore_2026-02-19_06-02-26.csv,This paper deals with the direction-of-arrival (DOA) estimation problem in three-dimensional (3D) space in low signal-to-noise ratio (SNR) environments. The proposed solution utilizes an Isolog-3D antenna with advanced signal processing techniques for solving direction finding in...
INCLUDE,I_DOA_TRACK,Mentions DOA/AoA and tracking (Kalman/EKF/UKF/innovation).,DoA Estimation and Kalman Filter Based Multi-Antenna System for Vehicle Position in mmWave Network,2025,IEEE Open Journal of Vehicular Technology,10.1109/ojvt.2025.3608747,,https://ieeexplore.ieee.org/stamp/stamp.jsp?arnumber=11162567,ieee_xplore_2026-02-19_06-02-26.csv,"With the advancement of Beyond 5G/6G technologies, accurate positioning and velocity estimation in Internet of Vehicles (IoV) systems has become increasingly critical. Although GPS can provide real-time location information, its performance degrades significantly in environments ..."
INCLUDE,I_DOA_TRACK,Mentions DOA/AoA and tracking (Kalman/EKF/UKF/innovation).,Direction-of-arrival estimation in sensor arrays for moving terminals,2017,2017 14th IEEE Annual Consumer Communications & Networking Conference (CCNC),10.1109/ccnc.2017.7983205,,https://ieeexplore.ieee.org/stamp/stamp.jsp?arnumber=7983205,ieee_xplore_2026-02-19_06-02-26.csv,"The beamforming technique usually employs multiple sensors or sensor array to enhance receiving signals such that the generalized sidelobe canceler (GSC) is commonly applied for eliminating interfering signals. In this paper, a new direction-of-arrival (DOA) estimation method is ..."
INCLUDE,I_DOA_TRACK,Mentions DOA/AoA and tracking (Kalman/EKF/UKF/innovation).,Iterative Doppler-Only Track initialization enhanced with Direction of Arrival information,2021,2021 21st International Radar Symposium (IRS),10.23919/irs51887.2021.9466223,,https://ieeexplore.ieee.org/stamp/stamp.jsp?arnumber=9466223,ieee_xplore_2026-02-19_06-02-26.csv,"We study the sensitivity of tracking initialization in a passive radar receiver network which uses the concept of forward-scattering for target tracking. Multi-static radar on VHF is used with Doppler-only information, which as a method is a challenging way of tracking targets. D..."
INCLUDE,I_DOA_TRACK,Mentions DOA/AoA and tracking (Kalman/EKF/UKF/innovation).,Channel Parameter Estimation and TX Positioning With Multi-Beam Fusion in 5G mmWave Networks,2022,IEEE Transactions on Wireless Communications,10.1109/twc.2021.3119227,,https://ieeexplore.ieee.org/stamp/stamp.jsp?arnumber=9578931,ieee_xplore_2026-02-19_06-02-26.csv,"Since the beginning of the fifth generation (5G) standardization process, positioning has been considered as a key element in future cellular networks. In order to perform accurate positioning, solutions for estimating and processing location-related measurements such as directio..."
INCLUDE,I_DOA_TRACK,Mentions DOA/AoA and tracking (Kalman/EKF/UKF/innovation).,Kalman Filtering based Target Tracking for Multistatic Sensing in ISAC Systems,2025,2025 IEEE International Symposium on Circuits and Systems (ISCAS),10.1109/iscas56072.2025.11043835,,https://ieeexplore.ieee.org/stamp/stamp.jsp?arnumber=11043835,ieee_xplore_2026-02-19_06-02-26.csv,"The advancement of Integrated Sensing and Communication (ISAC) has facilitated the adoption of target tracking technologies, yet most existing research focuses on waveform design rather than specific tracking algorithms within ISAC systems. To address this gap, this paper propose..."
EXCLUDE,E_NOT_DOA,No DOA/AoA/array context in title/abstract.,TDoA-based 3-D positioning using UWB with a Kalman filter,2025,2025 IEEE 14th Global Conference on Consumer Electronics (GCCE),10.1109/gcce65946.2025.11275432,,https://ieeexplore.ieee.org/stamp/stamp.jsp?arnumber=11275432,ieee_xplore_2026-02-19_06-02-26.csv,"This paper proposes a technique to reduce positioning error, especially in the height direction, for 3D positioning. A new tandem-structured Kalman filter is proposed to reduce the observation noise in the time difference of arrivals and error in the solved positions of tags by t..."
INCLUDE,I_DOA_TRACK,Mentions DOA/AoA and tracking (Kalman/EKF/UKF/innovation).,Comparative analysis of EKF and Particle Filter performance for an acoustic tracking system for AUVs exploiting bearing-only measurements,2020,Global Oceans 2020: Singapore – U.S. Gulf Coast,10.1109/ieeeconf38699.2020.9389288,,https://ieeexplore.ieee.org/stamp/stamp.jsp?arnumber=9389288,ieee_xplore_2026-02-19_06-02-26.csv,This paper aims to compare different navigation state estimation approaches for the tracking of an Autonomous Underwater Vehicle (AUV) based on Direction of Arrival (DoA) measurements. The use of passive acoustic devices to compute the DoA information allows for a high rate (up t...
INCLUDE,I_DOA_TRACK,Mentions DOA/AoA and tracking (Kalman/EKF/UKF/innovation).,DOA Tracking Combining Compressive Sampling and Kalman Filtering for MIMO Radars Operating in Cluttered Environment,2026,IEEE Access,10.1109/access.2026.3654100,,https://ieeexplore.ieee.org/stamp/stamp.jsp?arnumber=11352852,ieee_xplore_2026-02-19_06-02-26.csv,"Taking into account the off-grid effect and clutter, a tailored compressive sampling (CS)-based algorithm is developed to estimate the Direction of Arrival (DOA) in radars that use Multiple-Input Multiple-Output (MIMO) technology and operate at sub-Nyquist rates. To enhance the p..."
INCLUDE,I_DOA_TRACK,Mentions DOA/AoA and tracking (Kalman/EKF/UKF/innovation).,Bayesian Compressive Sensing Approaches for Direction of Arrival Estimation With Mutual Coupling Effects,2017,IEEE Transactions on Antennas and Propagation,10.1109/tap.2017.2655013,,https://ieeexplore.ieee.org/stamp/stamp.jsp?arnumber=7839908,ieee_xplore_2026-02-19_06-02-26.csv,"The problem of estimating the dynamic direction of arrival (DOA) of far-field signals impinging on a uniform linear array, with mutual coupling effects, is addressed. This paper proposes two novel approaches able to provide accurate solutions, including at the endfire regions of ..."
INCLUDE,I_DOA_TRACK,Mentions DOA/AoA and tracking (Kalman/EKF/UKF/innovation).,Beam pattern synthesis for a cognitive frequency diverse array radar to localize multiple targets with same direction but different ranges,2016,2016 13th International Bhurban Conference on Applied Sciences and Technology (IBCAST),10.1109/ibcast.2016.7429954,,https://ieeexplore.ieee.org/stamp/stamp.jsp?arnumber=7429954,ieee_xplore_2026-02-19_06-02-26.csv,"Radars strongly depend upon the reflected echoes to identify targets of interest on unknown locations in the surrounding environment. If multiple waves impinge on a linear array from the same direction, but different ranges than it is not possible for a phased array radar (PAR) t..."
EXCLUDE,E_NOT_DOA,No DOA/AoA/array context in title/abstract.,Mobile localization via high-degree cubature Kalman filter with sensor position uncertainties,2017,2017 20th International Conference on Information Fusion (Fusion),10.23919/icif.2017.8009743,,https://ieeexplore.ieee.org/stamp/stamp.jsp?arnumber=8009743,ieee_xplore_2026-02-19_06-02-26.csv,"This paper investigates the passive localization of a mobile source based on time difference of arrival (TDOA) measurements when the sensor positions suffer from random uncertainties. In the formulation of the dynamic system, the nonlinear measurement function contains random par..."
INCLUDE,I_DOA_TRACK,Mentions DOA/AoA and tracking (Kalman/EKF/UKF/innovation).,An RFID Tracking System for Agricultural Safety,2021,2021 IEEE International Conference on RFID Technology and Applications (RFID-TA),10.1109/rfid-ta53372.2021.9617356,,https://ieeexplore.ieee.org/stamp/stamp.jsp?arnumber=9617356,ieee_xplore_2026-02-19_06-02-26.csv,This paper proposes a tracking system of workers operating in proximity of remote-control farm machineries (RCFMs) in agricultural and forestry working areas by aiming to enhance the operator safety. It consists of a passive Ultra-High-Frequency (UHF) Radio Frequency Identificati...
INCLUDE,I_DOA_TRACK,Mentions DOA/AoA and tracking (Kalman/EKF/UKF/innovation).,EKF based Direct Target Motion Analysis,2022,2022 2nd Asia Conference on Information Engineering (ACIE),10.1109/acie55485.2022.00020,,https://ieeexplore.ieee.org/stamp/stamp.jsp?arnumber=9831629,ieee_xplore_2026-02-19_06-02-26.csv,"Traditional target motion analysis (TMA) is normally carried out with a two-step method, where the first step is to search for the parameterized measurements (e.g., bearing, Doppler) of a target with signal processing algorithms, followed by a recursive or batched geographic trac..."
INCLUDE,I_DOA_TRACK,Mentions DOA/AoA and tracking (Kalman/EKF/UKF/innovation).,Hydroacoustic Array Beamforming Technique Based on KPM-LCMV Algorithm,2023,2023 IEEE 6th International Conference on Electronic Information and Communication Technology (ICEICT),10.1109/iceict57916.2023.10245162,,https://ieeexplore.ieee.org/stamp/stamp.jsp?arnumber=10245162,ieee_xplore_2026-02-19_06-02-26.csv,"The adaptive beamforming algorithm, Linearly Constrained Minimum Variance (LCMV), is improved and implemented in simulation. In this paper, we propose an adaptive beamforming algorithm based on Kalman filtering with special matrix processing (KPM-LCMV, Kalman filtering & PID cont..."
EXCLUDE,E_NOT_DOA,No DOA/AoA/array context in title/abstract.,Multi-Hypothesis Square-Root Cubature Kalman Particle Filter for Speaker Tracking in Noisy and Reverberant Environments,2020,"IEEE/ACM Transactions on Audio, Speech, and Language Processing",10.1109/taslp.2020.2982799,,https://ieeexplore.ieee.org/stamp/stamp.jsp?arnumber=9044756,ieee_xplore_2026-02-19_06-02-26.csv,"In this paper, a multi-hypothesis square-root cubature Kalman particle filter (MH-SRCKPF) is proposed for speaker tracking in noisy and reverberant environments with distributed microphone arrays. The conventional cubature Kalman particle filter (CKPF) uses the cubature Kalman fi..."
INCLUDE,I_DOA_TRACK,Mentions DOA/AoA and tracking (Kalman/EKF/UKF/innovation).,Multiple signal classification algorithm compensated by Extended Kalman Particle Filtering for Wi-Fi through wall multi-target tracking,2016,2016 IEEE-APS Topical Conference on Antennas and Propagation in Wireless Communications (APWC),10.1109/apwc.2016.7738120,,https://ieeexplore.ieee.org/stamp/stamp.jsp?arnumber=7738120,ieee_xplore_2026-02-19_06-02-26.csv,"In this work, a multiple-target tracking problem for a Wi-Fi through wall system is formulated and a new Direction Of Arrival (DOA) angle estimation technique is investigated to solve the tracking problem in the presence of clutter. The DOA estimation from objects behind walls is..."
INCLUDE,I_DOA_TRACK,Mentions DOA/AoA and tracking (Kalman/EKF/UKF/innovation).,Joint 2D-DOA and Carrier Frequency Estimation Technique Using Nonlinear Kalman Filters for Cognitive Radio,2017,IEEE Access,10.1109/access.2017.2768221,,https://ieeexplore.ieee.org/stamp/stamp.jsp?arnumber=8091116,ieee_xplore_2026-02-19_06-02-26.csv,The problem of jointly estimating carrier frequencies and their corresponding two-dimension direction of arrivals (DOA) of band-limited source signals is considered in this paper for cognitive radio. The main problem of estimating carrier frequencies spread over a wideband spectr...
INCLUDE,I_DOA_TRACK,Mentions DOA/AoA and tracking (Kalman/EKF/UKF/innovation).,An Indirect Location Method for Indoor Target Tracking Based on Single Acoustic Vector Sensor,2019,"2019 IEEE 4th Advanced Information Technology, Electronic and Automation Control Conference (IAEAC)",10.1109/iaeac47372.2019.8997631,,https://ieeexplore.ieee.org/stamp/stamp.jsp?arnumber=8997631,ieee_xplore_2026-02-19_06-02-26.csv,"The traditional capon spectra estimation is not suitable for extracting direction of arrival (DOA) under impulse noise. In the case of tracking and locating a single target with a single acoustic vector sensor (AVS), the extracted DOA may be incorrect at low signal-to-noise ratio..."
INCLUDE,I_DOA_TRACK,Mentions DOA/AoA and tracking (Kalman/EKF/UKF/innovation).,Millidegree-Level Direction-of-Arrival (DoA) Estimation and Tracking for Terahertz Wireless Communications,2020,"2020 17th Annual IEEE International Conference on Sensing, Communication, and Networking (SECON)",10.1109/secon48991.2020.9158439,,https://ieeexplore.ieee.org/stamp/stamp.jsp?arnumber=9158439,ieee_xplore_2026-02-19_06-02-26.csv,"The Terahertz (0.1-10 THz) band is envisioned to meet the rapid growth of wireless data rates. Achieving high beamforming gain and reduced hardware complexity, the array-of-subarrays (AoSA) hybrid beamforming is a promising technology to be adopted for THz communications. The gen..."
REVIEW,R_DOA_ONLY,Mentions DOA/AoA but no explicit Kalman/tracking terms; review.,"Direction-of-Arrival Estimation With Virtual Antenna Array: Observability Analysis, Local Oscillator Frequency Offset Compensation, and Experimental Results",2021,IEEE Transactions on Instrumentation and Measurement,10.1109/tim.2021.3088434,,https://ieeexplore.ieee.org/stamp/stamp.jsp?arnumber=9452144,ieee_xplore_2026-02-19_06-02-26.csv,"Estimating the direction-of-arrival (DoA) of radio frequency sources is essential in many wireless applications. Traditional DoA estimation based on bearing measurements requires multiantenna arrays, which is not suitable for portable electronics for its large form factor. In thi..."
REVIEW,R_DOA_ONLY,Mentions DOA/AoA but no explicit Kalman/tracking terms; review.,Effect of parameters of phase-modulated M-sequence signal on direction-of-arrival and localization error,2016,2016 International Conference on Indoor Positioning and Indoor Navigation (IPIN),10.1109/ipin.2016.7743612,,https://ieeexplore.ieee.org/stamp/stamp.jsp?arnumber=7743612,ieee_xplore_2026-02-19_06-02-26.csv,"In this paper, signals for acoustic beacons with M sequence are evaluated with various parameters for self-localization of mobile robot. The effect of (i) baud rate, (ii) carrier frequency and (iii) order of M sequence on DOA estimation error and localization error are evaluated ..."
INCLUDE,I_DOA_TRACK,Mentions DOA/AoA and tracking (Kalman/EKF/UKF/innovation).,Distributed Direction of Arrival Estimation-Aided Cyberattack Detection in Networked Multi-Robot Systems,2018,2018 IEEE/RSJ International Conference on Intelligent Robots and Systems (IROS),10.1109/iros.2018.8594465,,https://ieeexplore.ieee.org/stamp/stamp.jsp?arnumber=8594465,ieee_xplore_2026-02-19_06-02-26.csv,"This study proposes a Direction of Arrival (DoA)-aided attack detection scheme to identify cyberattacks on networked multi-robot systems. For each agent, a local estimator is designed to generate robust residuals, and a parametric statistical tool corresponding to the residuals i..."
INCLUDE,I_DOA_TRACK,Mentions DOA/AoA and tracking (Kalman/EKF/UKF/innovation).,Joint Device Positioning and Clock Synchronization in 5G Ultra-Dense Networks,2017,IEEE Transactions on Wireless Communications,10.1109/twc.2017.2669963,,https://ieeexplore.ieee.org/stamp/stamp.jsp?arnumber=7880669,ieee_xplore_2026-02-19_06-02-26.csv,"In this paper, we address the prospects and key enabling technologies for highly efficient and accurate device positioning and tracking in fifth generation (5G) radio access networks. Building on the premises of ultra-dense networks as well as on the adoption of multicarrier wave..."
EXCLUDE,E_NOT_DOA,No DOA/AoA/array context in title/abstract.,Kalman filter based localization and tracking estimation for HIMR RFID systems,2018,2018 IEEE International Conference on RFID (RFID),10.1109/rfid.2018.8376199,,https://ieeexplore.ieee.org/stamp/stamp.jsp?arnumber=8376199,ieee_xplore_2026-02-19_06-02-26.csv,"Fine-scale RFID motion capture and localization systems are important for emerging applications such as robotic wayfaring, virtual reality, remote motion capture, and tracking. Among all RFID localization and tracking systems, hybrid schemes have the highest accuracy (5-400 cm) a..."
INCLUDE,I_DOA_TRACK,Mentions DOA/AoA and tracking (Kalman/EKF/UKF/innovation).,Phase Difference of Arrival Aided Downlink Time Difference of Arrival Ultra-Wide Band Positioning System,2025,IEEE Access,10.1109/access.2025.3567821,,https://ieeexplore.ieee.org/stamp/stamp.jsp?arnumber=10990153,ieee_xplore_2026-02-19_06-02-26.csv,"Currently there is a growing demand for accurate and reliable positioning indoors or in other environments, where Global Navigation Satellite Systems (GNSS) are unavailable. The precise positioning is required for example by autonomous vehicles used in the industry, safety anti-c..."
EXCLUDE,E_NOT_DOA,No DOA/AoA/array context in title/abstract.,An augmented cubature Kalman filter for nonlinear dynamical systems with random parameters,2017,2017 36th Chinese Control Conference (CCC),10.23919/chicc.2017.8027496,,https://ieeexplore.ieee.org/stamp/stamp.jsp?arnumber=8027496,ieee_xplore_2026-02-19_06-02-26.csv,"In this paper, we investigate the Bayesian filtering problem for discrete nonlinear dynamical systems which contain random parameters. An augmented cubature Kalman filter (CKF) is developed to deal with the random parameters, where the state vector is enlarged by incorporating th..."
REVIEW,R_TRACK_ARRAY,Tracking terms with array/radar context; DOA not explicit.,Beam Tracking for Distributed Millimeter-Wave Massive MIMO Systems Based on the Unscented Kalman Filter,2022,IEEE Wireless Communications Letters,10.1109/lwc.2022.3140852,,https://ieeexplore.ieee.org/stamp/stamp.jsp?arnumber=9672140,ieee_xplore_2026-02-19_06-02-26.csv,"In this letter, a beam tracking problem is studied in distributed millimeter-wave (mm-wave) massive multiple-input multiple-output (MIMO) systems. Firstly, a monopulse beam direction estimation method for a distributed mm-wave massive MIMO system is introduced. However, this meth..."
INCLUDE,I_DOA_TRACK,Mentions DOA/AoA and tracking (Kalman/EKF/UKF/innovation).,A Joint Rogue Drone Detection and Tracking Fusing DOA and Passive Radar Measurements,2024,2024 International Conference on Unmanned Aircraft Systems (ICUAS),10.1109/icuas60882.2024.10557126,,https://ieeexplore.ieee.org/stamp/stamp.jsp?arnumber=10557126,ieee_xplore_2026-02-19_06-02-26.csv,"Advancements in unmanned aircraft systems (UASs) have led to a considerable increase in unlawful operations of these systems over critical infrastructures and public spaces. In this work, a system that is implemented utilizing software-defined radio and signals of opportunity (SO..."
REVIEW,R_TRACK_ARRAY,Tracking terms with array/radar context; DOA not explicit.,Joint Algorithm Based on Interference Suppression and Kalman Filter for Bearing-Only Weak Target Robust Tracking,2019,IEEE Access,10.1109/access.2019.2940956,,https://ieeexplore.ieee.org/stamp/stamp.jsp?arnumber=8835892,ieee_xplore_2026-02-19_06-02-26.csv,"Aiming at the problems in the bearing-only tracking (BOT) of underwater weak target in the presence of interferers, such as discontinuity of tracking trajectory and target loss, a novel joint algorithm based on interference suppression (IS) and Kalman filter (ISKF) is proposed in..."
REVIEW,R_TRACK_ARRAY,Tracking terms with array/radar context; DOA not explicit.,4D Passive Radar for Drone Detection and Tracking,2021,2021 21st International Radar Symposium (IRS),10.23919/irs51887.2021.9466190,,https://ieeexplore.ieee.org/stamp/stamp.jsp?arnumber=9466190,ieee_xplore_2026-02-19_06-02-26.csv,"An upgraded version of IDEPAR demonstrator capable of detecting and extracting parameters from targets in a 4D measurements space(range, Doppler, azimuth and elevation) is presented to allow the localization of small aerial drones in the Cartesian space (x,y,z). A two-stage spati..."
INCLUDE,I_DOA_TRACK,Mentions DOA/AoA and tracking (Kalman/EKF/UKF/innovation).,Design on Airborne Positioning System Based on Improved Kalman Filtering,2018,2018 International Conference on Information Systems and Computer Aided Education (ICISCAE),10.1109/iciscae.2018.8666849,,https://ieeexplore.ieee.org/stamp/stamp.jsp?arnumber=8666849,ieee_xplore_2026-02-19_06-02-26.csv,"For improving the efficiency of positioning during radio signal source locating, it designs airborne positioning system based on the modified Kalman filtering. Using software radio technology, FPGA is adopted to improve algorithm efficiency. The sequential fusion algorithm with K..."
REVIEW,R_TRACK_ARRAY,Tracking terms with array/radar context; DOA not explicit.,Joint Recursive Receiver and Emitter Geolocation Using Time Difference of Arrival Measurements,2023,"2023 57th Asilomar Conference on Signals, Systems, and Computers",10.1109/ieeeconf59524.2023.10476880,,https://ieeexplore.ieee.org/stamp/stamp.jsp?arnumber=10476880,ieee_xplore_2026-02-19_06-02-26.csv,This paper considers the joint recursive estimation of the position of a distributed receiver array and a number of emitters using range measurements between receivers and time difference of arrival measurements between emitters and pairs of receivers. The ranges are used as meas...
INCLUDE,I_DOA_TRACK,Mentions DOA/AoA and tracking (Kalman/EKF/UKF/innovation).,Cartesian Tracking for Advanced Driver Assistance Imaging Radar Systems,2020,2020 13th International Conference on Communications (COMM),10.1109/comm48946.2020.9142023,,https://ieeexplore.ieee.org/stamp/stamp.jsp?arnumber=9142023,ieee_xplore_2026-02-19_06-02-26.csv,"This paper presents an approach of using the Kalman Filter to track automotive radar detections in Cartesian space, useful for Radar-Vision fusion. A typical automotive radar would extract, for every detection, its respective range, radial velocity and Direction of Arrival. The p..."
INCLUDE,I_DOA_TRACK,Mentions DOA/AoA and tracking (Kalman/EKF/UKF/innovation).,Performance analysis of novel Joint GPS Anti-jamming and Anti-spoofing detection,2023,2023 IEEE 20th India Council International Conference (INDICON),10.1109/indicon59947.2023.10440684,,https://ieeexplore.ieee.org/stamp/stamp.jsp?arnumber=10440684,ieee_xplore_2026-02-19_06-02-26.csv,"Global Positioning System (GPS), a technology integrated into an extensive range of contemporary devices and applications, is increasingly vulnerable to harmful interference, including spoofing and jamming. These hostile actions pose significant risks, causing disturbances that r..."
INCLUDE,I_DOA_TRACK,Mentions DOA/AoA and tracking (Kalman/EKF/UKF/innovation).,Design and Implementation of UAV Localization System Based on Software Defined Radio and Camera,2025,2025 IEEE 17th International Conference on Electronic Measurement & Instruments (ICEMI),10.1109/icemi66537.2025.11306515,,https://ieeexplore.ieee.org/stamp/stamp.jsp?arnumber=11306515,ieee_xplore_2026-02-19_06-02-26.csv,This paper investigates a passive localization system for Unmanned Aerial Vehicles (UAVs) based on the fusion of Software Defined Radio (SDR) and visual sensors. The system consists of two USRP B210 SDRs and a Realsense camera to estimate the relative location of the UAV in 3D sp...
REVIEW,R_TRACK_ARRAY,Tracking terms with array/radar context; DOA not explicit.,User Positioning in mmW 5G Networks Using Beam-RSRP Measurements and Kalman Filtering,2018,2018 21st International Conference on Information Fusion (FUSION),10.23919/icif.2018.8455289,,https://ieeexplore.ieee.org/stamp/stamp.jsp?arnumber=8455289,ieee_xplore_2026-02-19_06-02-26.csv,"In this paper, we exploit the 3D-beamforming features of multiantenna equipment employed in fifth generation (5G) networks, operating in the millimeter wave (mmW) band, for accurate positioning and tracking of users. We consider sequential estimation of users' positions, and prop..."
EXCLUDE,E_ARRAY_NO_DOA_TRACK,Array/radar terms but no DOA or tracking terms.,"Virtual Multiantenna Array for Estimating the Direction of a Transmitter: System, Bounds, and Experimental Results",2018,IEEE Transactions on Vehicular Technology,10.1109/tvt.2017.2762728,,https://ieeexplore.ieee.org/stamp/stamp.jsp?arnumber=8067441,ieee_xplore_2026-02-19_06-02-26.csv,"A method is proposed to estimate the direction of a radio-frequency transmitter with a mobile single-antenna receiver. By considering the received signal at several points along its trajectory, the receiver implicitly creates a virtual multiantenna array, which can be used to est..."
INCLUDE,I_DOA_TRACK,Mentions DOA/AoA and tracking (Kalman/EKF/UKF/innovation).,A joint TOA and DOA approach for positioning with LTE signals,2018,"2018 IEEE/ION Position, Location and Navigation Symposium (PLANS)",10.1109/plans.2018.8373368,,https://ieeexplore.ieee.org/stamp/stamp.jsp?arnumber=8373368,ieee_xplore_2026-02-19_06-02-26.csv,An approach to jointly estimate the time-of-arrival (TOA) and azimuth and elevation angles of the direction-of-arrival (DOA) from received cellular long-term evolution (LTE) signals is developed. The approach uses a uniform planar antenna array and an extended Kalman filter (EKF)...
EXCLUDE,E_NOT_DOA,No DOA/AoA/array context in title/abstract.,A TOF and Kalman filtering joint algorithm for IEEE802.15.4a UWB Locating,2016,"2016 IEEE Information Technology, Networking, Electronic and Automation Control Conference",10.1109/itnec.2016.7560502,,https://ieeexplore.ieee.org/stamp/stamp.jsp?arnumber=7560502,ieee_xplore_2026-02-19_06-02-26.csv,"TOA (Time of Arrival) algorithm can be used to locate. However, the source of random error is from the clock out of sync, nodes' crystal frequency drift also causes inaccurate clock. So it needs to estimate channel parameters accurately, and eliminate the clock offset. But in the..."
INCLUDE,I_DOA_TRACK,Mentions DOA/AoA and tracking (Kalman/EKF/UKF/innovation).,A particle filter based compressive sensing method for tracking moving wideband sound sources,2018,China Communications,10.1109/cc.2018.8387998,,https://ieeexplore.ieee.org/stamp/stamp.jsp?arnumber=8387998,ieee_xplore_2026-02-19_06-02-26.csv,"Tracking moving wideband sound sources is one of the most challenging issues in the acoustic array signal processing which is based on the direction of arrival (DOA) estimation. Compressive sensing (CS) is a recent theory exploring the signal sparsity representation, which has be..."
INCLUDE,I_DOA_TRACK,Mentions DOA/AoA and tracking (Kalman/EKF/UKF/innovation).,Improving Source Tracking Accuracy Through Learning-Based Estimation Methods in SH Domain: A Comparative Study,2024,IEEE Transactions on Artificial Intelligence,10.1109/tai.2024.3355323,,https://ieeexplore.ieee.org/stamp/stamp.jsp?arnumber=10402101,ieee_xplore_2026-02-19_06-02-26.csv,"Acoustic source tracking is significant across applications like surveillance, teleconferencing, and robot audition, yet the complexity introduced by reverberation, background noise, and overlapping sources impedes precise source localization. This article uses learning-based loc..."
INCLUDE,I_DOA_TRACK,Mentions DOA/AoA and tracking (Kalman/EKF/UKF/innovation).,Multi-Speaker DOA Tracking Algorithm Utilizing Probability Hypothesis Density Filter and Weighted Histogram of SRP-PHAT,2024,2024 18th International Workshop on Acoustic Signal Enhancement (IWAENC),10.1109/iwaenc61483.2024.10693986,,https://ieeexplore.ieee.org/stamp/stamp.jsp?arnumber=10693986,ieee_xplore_2026-02-19_06-02-26.csv,"This contribution presents a concurrent speakers’ direction of arrival (DOA) tracking algorithm in reverberant environments. The algorithm is formulated in two stages, leveraging speech sparsity in the short-time Fourier transform (STFT) domain. In the first stage, sets of DOAs p..."
INCLUDE,I_DOA_TRACK,Mentions DOA/AoA and tracking (Kalman/EKF/UKF/innovation).,Elephant DOA Estimation using a Geophone Network,2023,2023 26th International Conference on Information Fusion (FUSION),10.23919/fusion52260.2023.10224115,,https://ieeexplore.ieee.org/stamp/stamp.jsp?arnumber=10224115,ieee_xplore_2026-02-19_06-02-26.csv,"Human-wildlife conflicts are a global problem which is central to the Global Goal 15 (life on land). One particular case is elephants, that can cause harm to both people, property and crops. An early warning system that can detect and warn people in time would allow effective mit..."
INCLUDE,I_DOA_TRACK,Mentions DOA/AoA and tracking (Kalman/EKF/UKF/innovation).,Application of Firefly Algorithm to UWB Indoor Positioning,2021,2021 IEEE 11th Annual Computing and Communication Workshop and Conference (CCWC),10.1109/ccwc51732.2021.9375839,,https://ieeexplore.ieee.org/stamp/stamp.jsp?arnumber=9375839,ieee_xplore_2026-02-19_06-02-26.csv,"Indoor positioning systems have been playing an important role in positioning technology research. This kind of technology can be used in many fields in our daily life. For example, people can use it to help firefighters find people in the fire scene, help managers to monitor rob..."
REVIEW,R_DOA_ONLY,Mentions DOA/AoA but no explicit Kalman/tracking terms; review.,Simultaneous Localization and Antenna Calibration,2022,2022 16th European Conference on Antennas and Propagation (EuCAP),10.23919/eucap53622.2022.9769393,,https://ieeexplore.ieee.org/stamp/stamp.jsp?arnumber=9769393,ieee_xplore_2026-02-19_06-02-26.csv,Cooperative localization fills the gap in scenarios where global navigation satellite system (GNSS) reception is denied or impaired. Position and orientation information is then often provided based on signal round-trip time (RTT) and direction-of-arrival (DoA). Obtaining a meani...
EXCLUDE,E_NOT_DOA,No DOA/AoA/array context in title/abstract.,Application Research of UWB Indoor Reverse Positioning Based on Robust Kalman Filtering,2020,2020 IEEE 20th International Conference on Communication Technology (ICCT),10.1109/icct50939.2020.9295874,,https://ieeexplore.ieee.org/stamp/stamp.jsp?arnumber=9295874,ieee_xplore_2026-02-19_06-02-26.csv,"The non-line-of-sight (NLOS) observation errors and outliers generated by the existence of obstacles is a challenge in Ultra-Wideband (UWB) indoor dynamic positioning. To solve this problem, a dynamic robust Kalman filtering model based on indoor reverse positioning is studied. T..."
INCLUDE,I_DOA_TRACK,Mentions DOA/AoA and tracking (Kalman/EKF/UKF/innovation).,Covariance Estimation of Generalized Monopulse for Radar Tracking,2024,2024 International Radar Conference (RADAR),10.1109/radar58436.2024.10994171,,https://ieeexplore.ieee.org/stamp/stamp.jsp?arnumber=10994171,ieee_xplore_2026-02-19_06-02-26.csv,"Generalized Monopulse is an asymptotically efficient estimator of the Direction of Arrival (DoA), offering manifold array processing such as anti-jamming through adaptive beamforming, or clutter cancellation through space-time adaptive processing. In addition, this estimator is u..."
INCLUDE,I_DOA_TRACK,Mentions DOA/AoA and tracking (Kalman/EKF/UKF/innovation).,A Vehicle Positioning Method Based on Joint TOA and DOA Estimation with V2R Communications,2017,2017 IEEE 85th Vehicular Technology Conference (VTC Spring),10.1109/vtcspring.2017.8108347,,https://ieeexplore.ieee.org/stamp/stamp.jsp?arnumber=8108347,ieee_xplore_2026-02-19_06-02-26.csv,This paper presents a vehicle positioning method based on joint estimation of time of arrival (TOA) and direction of arrival (DOA) with Vehicle-to-Roadside (V2R) communications. By analyzing the measured channel frequency response (CFR) between vehicles and the roadside unit (RU)...
INCLUDE,I_DOA_TRACK,Mentions DOA/AoA and tracking (Kalman/EKF/UKF/innovation).,Real-Time Direction of Arrival Tracking of Drone Utilising Radio Frequency Techniques,2024,"2024 IEEE Microwaves, Antennas, and Propagation Conference (MAPCON)",10.1109/mapcon61407.2024.10923524,,https://ieeexplore.ieee.org/stamp/stamp.jsp?arnumber=10923524,ieee_xplore_2026-02-19_06-02-26.csv,Drone/RF-emitter tracking finds many applications from commercial to strategic. This paper presents digital beamforming with phased array antennas to estimate the Direction of Angle of a radio frequency (RF) source. This technique was realized using an FPGA-based setup of Softwar...
INCLUDE,I_DOA_TRACK,Mentions DOA/AoA and tracking (Kalman/EKF/UKF/innovation).,Utilization of Uniform Circular Array for Estimating RF Source Location in Real-time,2024,"2024 International Conference on Control, Automation and Diagnosis (ICCAD)",10.1109/iccad60883.2024.10553910,,https://ieeexplore.ieee.org/stamp/stamp.jsp?arnumber=10553910,ieee_xplore_2026-02-19_06-02-26.csv,"This Radio Frequency (RF) source location estimation scheme utilizes angles of arrival of a signal source acquired from the Multiple Signal Classification (MUSIC) algorithm. In reliance on that as a Maximum Likelihood estimation, the obtained angles are augmented to an adaptive p..."
REVIEW,R_DOA_ONLY,Mentions DOA/AoA but no explicit Kalman/tracking terms; review.,Multiple emitters localization by UAV with nested linear array: System scheme and 2D-DOA estimation algorithm,2020,China Communications,10.23919/jcc.2020.03.010,,https://ieeexplore.ieee.org/stamp/stamp.jsp?arnumber=9058610,ieee_xplore_2026-02-19_06-02-26.csv,"Unmanned Aerial Vehicle (UAV) equipped with uniform linear array has been applied to multiple emitters localization. Meanwhile, nested linear array enables to enhance localization resolution and achieve under-determined Direction of Arrival (DOA) estimation. In this paper, we pro..."
INCLUDE,I_DOA_TRACK,Mentions DOA/AoA and tracking (Kalman/EKF/UKF/innovation).,Joint cmWave-based multiuser positioning and network synchronization in dense 5G networks,2018,2018 IEEE Wireless Communications and Networking Conference (WCNC),10.1109/wcnc.2018.8377435,,https://ieeexplore.ieee.org/stamp/stamp.jsp?arnumber=8377435,ieee_xplore_2026-02-19_06-02-26.csv,"The expected fifth generation (5G) networks allow for highly accurate direction of arrival and time of arrival (ToA) estimation, thus providing a convenient environment for device positioning, if designed properly. However, utilizing ToA measurements for positioning requires a ti..."
EXCLUDE,E_NOT_DOA,No DOA/AoA/array context in title/abstract.,Estimation of 3 DOF Position Trajectory of AUV by Extended Kalman Filter using Inertial Navigation Sensor,2023,2023 20th International Bhurban Conference on Applied Sciences and Technology (IBCAST),10.1109/ibcast59916.2023.10712931,,https://ieeexplore.ieee.org/stamp/stamp.jsp?arnumber=10712931,ieee_xplore_2026-02-19_06-02-26.csv,"Many jobs were impossible for manned vehicles to complete in the treacherous subsea environment. The advance-ment of autonomous underwater vehicles (AUVs) has allowed for unprecedented levels of exploration, monitoring, and study. AUVs are increasingly widely utilized for long mi..."
INCLUDE,I_DOA_TRACK,Mentions DOA/AoA and tracking (Kalman/EKF/UKF/innovation).,"Virtual Antenna Array-Based Online Localization Under Oscillator Frequency Offset, Irregular Array Geometry, and NLoS Environment",2026,IEEE Transactions on Communications,10.1109/tcomm.2025.3634247,,https://ieeexplore.ieee.org/stamp/stamp.jsp?arnumber=11251266,ieee_xplore_2026-02-19_06-02-26.csv,"High-precision and low-latency wireless localization is a key objective for future networks. The majority of existing localization methods rely on multi-antenna arrays (MAAs) to estimate directions of arrival (DoAs), but the size and cost of MAAs limit their application in portab..."
INCLUDE,I_DOA_TRACK,Mentions DOA/AoA and tracking (Kalman/EKF/UKF/innovation).,Enhanced Passive Radar DOA Estimation Using Wigner-Ville Distribution and MUSIC Algorithm in Noisy Environments,2025,2025 5th International Conference on Mobile Networks and Wireless Communications (ICMNWC),10.1109/icmnwc66779.2025.11354296,,https://ieeexplore.ieee.org/stamp/stamp.jsp?arnumber=11354296,ieee_xplore_2026-02-19_06-02-26.csv,"Accurate direction of arrival (DOA) estimation in noisy and interference-prone environments remains a critical challenge in modern radar systems, particularly when targets are closely spaced. This work introduces a Wigner-Ville Distribution (WVD) assisted MUSIC algorithm that uti..."
INCLUDE,I_DOA_TRACK,Mentions DOA/AoA and tracking (Kalman/EKF/UKF/innovation).,Gaussian Target Tracking With Direction-of-Arrival von Mises–Fisher Measurements,2019,IEEE Transactions on Signal Processing,10.1109/tsp.2019.2911258,,https://ieeexplore.ieee.org/stamp/stamp.jsp?arnumber=8691412,ieee_xplore_2026-02-19_06-02-26.csv,"This paper proposes a novel algorithm for target tracking with direction-of-arrival measurements, modeled by von Mises-Fisher distributions. The algorithm makes use of the assumed density framework with Gaussian distributions, in which the posterior probability density of the tar..."
REVIEW,R_TRACK_ARRAY,Tracking terms with array/radar context; DOA not explicit.,Analytic Emitter Geolocation and Filtering via Time Difference of Arrival,2019,2019 IEEE Aerospace Conference,10.1109/aero.2019.8741922,,https://ieeexplore.ieee.org/stamp/stamp.jsp?arnumber=8741922,ieee_xplore_2026-02-19_06-02-26.csv,Kalman filters have routinely been applied to geolocation problems using Time Difference of Arrival (TDOA) measurements due to the difficulty of obtaining analytic solutions to the hyperbolic isochrons. Extensive testing has been performed with Extended and Unscented Kalman Filte...
REVIEW,R_DOA_ONLY,Mentions DOA/AoA but no explicit Kalman/tracking terms; review.,Robust audio localization with phase unwrapping,2017,"2017 IEEE International Conference on Acoustics, Speech and Signal Processing (ICASSP)",10.1109/icassp.2017.7952200,,https://ieeexplore.ieee.org/stamp/stamp.jsp?arnumber=7952200,ieee_xplore_2026-02-19_06-02-26.csv,Most of multichannel sound source Direction Of Arrival (DOA) estimation algorithms suffer from spatial aliasing problems. The phase differences between a pair of microphones are wrapped beyond the spatial aliasing frequency. A common solution is to adjust the distance between the...
REVIEW,R_DOA_ONLY,Mentions DOA/AoA but no explicit Kalman/tracking terms; review.,Seismic Detection of Elephant Footsteps,2024,2024 27th International Conference on Information Fusion (FUSION),10.23919/fusion59988.2024.10706452,,https://ieeexplore.ieee.org/stamp/stamp.jsp?arnumber=10706452,ieee_xplore_2026-02-19_06-02-26.csv,"As human settlement expands into the natural habitats of wild animals, the conflicts between humans and wildlife increases. The human-elephant conflict causes a tremendous amount of damage, often to poor villages close to the savannah. In this paper, we continue our earlier repor..."
INCLUDE,I_DOA_TRACK,Mentions DOA/AoA and tracking (Kalman/EKF/UKF/innovation).,A Method of a Small-Sized Robotic System Direction Finding Using a Mobile Observer in Rugged Topography Conditions,2023,2023 30th Saint Petersburg International Conference on Integrated Navigation Systems (ICINS),10.23919/icins51816.2023.10168328,,https://ieeexplore.ieee.org/stamp/stamp.jsp?arnumber=10168328,ieee_xplore_2026-02-19_06-02-26.csv,"The problem of determining the bearing of an emitter located on board a small-sized seaborne or airborne robotic systems is considered. When using a receiver with omnidirectional antennas in the noise direction-finding mode, we observe the bearing on an emitter located on board t..."
INCLUDE,I_DOA_TRACK,Mentions DOA/AoA and tracking (Kalman/EKF/UKF/innovation).,Angle Domain Hybrid Precoding and Channel Tracking for Millimeter Wave Massive MIMO Systems,2017,IEEE Transactions on Wireless Communications,10.1109/twc.2017.2732405,,https://ieeexplore.ieee.org/stamp/stamp.jsp?arnumber=7999215,ieee_xplore_2026-02-19_06-02-26.csv,"The millimeter-wave (mm-wave) massive multiple-input multiple-output (MIMO) system has gained much attention for its considerable improvement in system throughput. However, the cost of complex hardware, e.g., radio frequency (RF) chains, hinders it from practical deployment. In t..."
INCLUDE,I_DOA_TRACK,Mentions DOA/AoA and tracking (Kalman/EKF/UKF/innovation).,Application of Kalman Filtering Approach on Signal Angle-of-Arrival Estimates,2023,2023 31st Signal Processing and Communications Applications Conference (SIU),10.1109/siu59756.2023.10223819,,https://ieeexplore.ieee.org/stamp/stamp.jsp?arnumber=10223819,ieee_xplore_2026-02-19_06-02-26.csv,"This study focuses on modifying the Kalman Filtering (KF) approach, whose measurement noise suppression capability had been proven many times, especially in multidimensional positioning problems, to serve one-dimensional signal angle-of-arrival (AoA) measurements, and examining t..."
INCLUDE,I_DOA_TRACK,Mentions DOA/AoA and tracking (Kalman/EKF/UKF/innovation).,Distributed Extended Kalman Particle Filter for Acoustic SLAM,2025,IEEE Transactions on Instrumentation and Measurement,10.1109/tim.2025.3600719,,https://ieeexplore.ieee.org/stamp/stamp.jsp?arnumber=11134754,ieee_xplore_2026-02-19_06-02-26.csv,"In complex environments, the background noise and room reverberation seriously degrade the performance of acoustic simultaneous localization and mapping (ASLAM) systems. To remedy the problem, an ASLAM method based on distributed extended Kalman particle filter (DEKF-PF) is propo..."
INCLUDE,I_DOA_TRACK,Mentions DOA/AoA and tracking (Kalman/EKF/UKF/innovation).,A Distributed Sensor-Based Recursive Framework for DoA Estimation and Geolocation,2024,IEEE Access,10.1109/access.2024.3424216,,https://ieeexplore.ieee.org/stamp/stamp.jsp?arnumber=10590719,ieee_xplore_2026-02-19_06-02-26.csv,This paper proposes a distributed sensor-based RECursive Subspace and Factor Graph (REC-SaFG) framework for direction-of-arrival (DoA) estimation and geolocation of a fast-moving target. The whole framework includes two recursive processes: (1) DoA estimation and tracking by 2-di...
REVIEW,R_DOA_ONLY,Mentions DOA/AoA but no explicit Kalman/tracking terms; review.,Audio Scene Monitoring Using Redundant Ad Hoc Microphone Array Networks,2022,IEEE Internet of Things Journal,10.1109/jiot.2021.3103523,,https://ieeexplore.ieee.org/stamp/stamp.jsp?arnumber=9509423,ieee_xplore_2026-02-19_06-02-26.csv,"We present a system for localizing sound sources in a room with several ad hoc microphone arrays. Each circular array performs direction of arrival (DOA) estimation independently using commercial software. The DOAs are fed to a fusion center, concatenated, and used to perform the..."
INCLUDE,I_DOA_TRACK,Mentions DOA/AoA and tracking (Kalman/EKF/UKF/innovation).,Improvement of the Position Estimation for Underwater Gliders With a Passive Acoustic Method,2021,IEEE Journal of Oceanic Engineering,10.1109/joe.2021.3085096,,https://ieeexplore.ieee.org/stamp/stamp.jsp?arnumber=9491037,ieee_xplore_2026-02-19_06-02-26.csv,"Underwater gliders are widely used in ocean observation with long operational endurance. Since gliders use buoyancy to generate gliding motion through water columns with a pair of wings, they are susceptible to ocean currents. With the limited navigation capability, the position ..."
REVIEW,R_DOA_ONLY,Mentions DOA/AoA but no explicit Kalman/tracking terms; review.,Hybrid RSS-DOA Fingerprint Indoor Localization Algorithm with Circular Reference Points Layout,2022,"2022 IEEE 33rd Annual International Symposium on Personal, Indoor and Mobile Radio Communications (PIMRC)",10.1109/pimrc54779.2022.9978158,,https://ieeexplore.ieee.org/stamp/stamp.jsp?arnumber=9978158,ieee_xplore_2026-02-19_06-02-26.csv,"Fingerprint localization (FL) is an effective localization method in rich scattering environments. However, conventional FL solutions are based on received signal strength (RSS) information, and they usually suffer from considerable performance degradation due to complex environm..."
EXCLUDE,E_NOT_DOA,No DOA/AoA/array context in title/abstract.,High-Efficiency Device Localization in 5G Ultra-Dense Networks: Prospects and Enabling Technologies,2015,2015 IEEE 82nd Vehicular Technology Conference (VTC2015-Fall),10.1109/vtcfall.2015.7390965,,https://ieeexplore.ieee.org/stamp/stamp.jsp?arnumber=7390965,ieee_xplore_2026-02-19_06-02-26.csv,"The deployment of future 5G ultra-dense small cell networks provides unprecedented opportunities to create an advanced localization system that meets the demands of future location-based services and functionalities. In this paper, we present technical enablers for obtaining loca..."
INCLUDE,I_DOA_TRACK,Mentions DOA/AoA and tracking (Kalman/EKF/UKF/innovation).,A Sequential Bayesian Algorithm for DOA Tracking in Time-Varying Environments,2015,Chinese Journal of Electronics,10.1049/cje.2015.01.023,,https://ieeexplore.ieee.org/stamp/stamp.jsp?arnumber=10855238,ieee_xplore_2026-02-19_06-02-26.csv,"This paper focuses on the Direction of arrival (DOA) tracking problem in dynamic environments where each source signal is modeled as a Gaussian process with time-varying mean and unknown covariance. In the presence of highly dynamic environment, benchmark algorithms usually have ..."
EXCLUDE,E_ARRAY_NO_DOA_TRACK,Array/radar terms but no DOA or tracking terms.,A Novel Neural Network Approach to Proactive 3-D Beamforming,2025,IEEE Transactions on Cognitive Communications and Networking,10.1109/tccn.2024.3494735,,https://ieeexplore.ieee.org/stamp/stamp.jsp?arnumber=10750053,ieee_xplore_2026-02-19_06-02-26.csv,"This study explores three-dimensional proactive beamforming at millimeter wave frequencies using transformer neural networks (TNNs), long short-term memory networks (LSTMs) and gated-recurrent units (GRUs). The proposed scheme aims to reduce beamforming latency by predicting futu..."
REVIEW,R_DOA_ONLY,Mentions DOA/AoA but no explicit Kalman/tracking terms; review.,Sound Source Localization and Reconstruction Using a Wearable Microphone Array and Inertial Sensors,2020,2020 IEEE 23rd International Conference on Information Fusion (FUSION),10.23919/fusion45008.2020.9190480,,https://ieeexplore.ieee.org/stamp/stamp.jsp?arnumber=9190480,ieee_xplore_2026-02-19_06-02-26.csv,A wearable microphone array platform is used to localize stationary sound sources and amplify the sound in the desired directions using several beamforming methods. The platform is equipped with inertial sensors and a magnetometer allowing predictions of source locations during o...
EXCLUDE,E_NOT_DOA,No DOA/AoA/array context in title/abstract.,Multi Stage Kalman Filter (MSKF) Based Time-Varying Sparse Channel Estimation With Fast Convergence,2022,IEEE Open Journal of Signal Processing,10.1109/ojsp.2021.3132583,,https://ieeexplore.ieee.org/stamp/stamp.jsp?arnumber=9635660,ieee_xplore_2026-02-19_06-02-26.csv,"The paper develops novel algorithms for time-varying (TV) sparse channel estimation in Massive multiple-input, multiple-output (MMIMO) systems. This is achieved by employing a novel reduced (non-uniformly spaced tap) delay-line equalizer, which can be related to low/reduced rank ..."
EXCLUDE,E_ARRAY_NO_DOA_TRACK,Array/radar terms but no DOA or tracking terms.,Towed array beamforming using sparse Bayesian learning during maneuvering,2019,OCEANS 2019 - Marseille,10.1109/oceanse.2019.8867380,,https://ieeexplore.ieee.org/stamp/stamp.jsp?arnumber=8867380,ieee_xplore_2026-02-19_06-02-26.csv,"A large aperture array is widely used to detect the silent targets among loud interferences. During maneuvering, it is critical to determine the array shape. The array can be modeled as a parabola array during slow maneuvering, thus the hydrophones positions are estimated using o..."
INCLUDE,I_DOA_TRACK,Mentions DOA/AoA and tracking (Kalman/EKF/UKF/innovation).,Performance Analysis of a Location System Based on the Direction of Arrival of the Radio Signal,2024,2024 IEEE Colombian Conference on Communications and Computing (COLCOM),10.1109/colcom62950.2024.10720288,,https://ieeexplore.ieee.org/stamp/stamp.jsp?arnumber=10720288,ieee_xplore_2026-02-19_06-02-26.csv,"Indoor Positioning Systems (IPS) can be implemented using various wireless technologies. Bluetooth version 5.1, or Bluetooth Low Energy (BLE), includes the Angle of Arrival (AoA) signal metric, which can be utilized for estimating the position of people or objects. This paper pro..."
INCLUDE,I_DOA_TRACK,Mentions DOA/AoA and tracking (Kalman/EKF/UKF/innovation).,Joint User Node Positioning and Clock Offset Estimation in 5G Ultra-Dense Networks,2015,2015 IEEE Global Communications Conference (GLOBECOM),10.1109/glocom.2015.7417360,,https://ieeexplore.ieee.org/stamp/stamp.jsp?arnumber=7417360,ieee_xplore_2026-02-19_06-02-26.csv,"It is commonly expected that network densification will play an important role in achieving the capacity demands of 5G communication networks. While densification is introduced to improve the spectral efficiency and area-capacity, it also results in an infrastructure that is perf..."
EXCLUDE,E_NOT_DOA,No DOA/AoA/array context in title/abstract.,An UWB/PDR Fusion Algorithm Based on Improved Square Root Unscented Kalman Filter,2019,2019 Chinese Control Conference (CCC),10.23919/chicc.2019.8866374,,https://ieeexplore.ieee.org/stamp/stamp.jsp?arnumber=8866374,ieee_xplore_2026-02-19_06-02-26.csv,"How to improve the accuracy of indoor positioning is a hot issue in the research of wireless indoor positioning technology. In order to solve the problem that Ultra Wideband (UWB) technology cannot locate accurately under the condition of non-line of sight (NLOS), this paper prop..."
EXCLUDE,E_NOT_DOA,No DOA/AoA/array context in title/abstract.,Range-Direction Tracking and Bayesian Cramer–Rao Bound Analysis in mmwave Systems Equipped With Imperfect Transceivers,2023,IEEE Wireless Communications Letters,10.1109/lwc.2023.3295727,,https://ieeexplore.ieee.org/stamp/stamp.jsp?arnumber=10184105,ieee_xplore_2026-02-19_06-02-26.csv,"The range and direction tracking process and its associated Bayesian Cramer-Rao bound (BCRB) are investigated here in the context of imperfect transceivers. Specifically, a Kalman filter based tracker (KFT) accomplishes the tracking, paying attention in its design to the range an..."
REVIEW,R_DOA_ONLY,Mentions DOA/AoA but no explicit Kalman/tracking terms; review.,Evaluation of Feedback and Feedforward Coupling of Synthetic Aperture Navigation with LTE Signals,2019,2019 IEEE 90th Vehicular Technology Conference (VTC2019-Fall),10.1109/vtcfall.2019.8891521,,https://ieeexplore.ieee.org/stamp/stamp.jsp?arnumber=8891521,ieee_xplore_2026-02-19_06-02-26.csv,An indoor pedestrian localization system which is based on cellular long-term evolution (LTE) carrier phase measurements and synthetic aperture navigation (SAN) is developed. The proposed system relies on a moving antenna array to determine the direction-of-arrival (DOA) of recei...
INCLUDE,I_DOA_TRACK,Mentions DOA/AoA and tracking (Kalman/EKF/UKF/innovation).,A Hybrid Tracking Algorithm for Multistatic Passive Radar,2021,IEEE Systems Journal,10.1109/jsyst.2020.2994009,,https://ieeexplore.ieee.org/stamp/stamp.jsp?arnumber=9099400,ieee_xplore_2026-02-19_06-02-26.csv,"In multistatic passive radars (MPR), multiple measurements from different bistatic pairs are usually used to locate the target due to the inaccurate direction of arrival estimation. In the real-world scenarios, the available bistatic pairs may be not enough and the probability of..."
REVIEW,R_DOA_ONLY,Mentions DOA/AoA but no explicit Kalman/tracking terms; review.,High-Precision Pedestrian Positioning by Using Radio Signals from Vehicles and Roadside Units,2019,"2019 International Conference on Electronics, Information, and Communication (ICEIC)",10.23919/elinfocom.2019.8706373,,https://ieeexplore.ieee.org/stamp/stamp.jsp?arnumber=8706373,ieee_xplore_2026-02-19_06-02-26.csv,"Pedestrian-to-vehicle communications plays an important role in preventing pedestrians from traffic accidents by informing pedestrian position to drivers of nearby vehicles. Global Navigation Satellite System (GNSS), the de facto positioning method, does not work well in urban ca..."
INCLUDE,I_DOA_TRACK,Mentions DOA/AoA and tracking (Kalman/EKF/UKF/innovation).,A Kalman-based instantaneous frequency estimation for anesthetic depth measurement,2017,2017 22nd International Conference on Digital Signal Processing (DSP),10.1109/icdsp.2017.8096074,,https://ieeexplore.ieee.org/stamp/stamp.jsp?arnumber=8096074,ieee_xplore_2026-02-19_06-02-26.csv,"Fast and accurate measuring depth of anesthesia (DoA) during heavy surgeries (e.g. orthopedic or neurosurgery) is still a challenge. Late estimation of DoA in critical conditions may lead to severe effects such as a comma or conscious state, and jeopardize patient's life accordin..."
EXCLUDE,E_NOT_DOA,No DOA/AoA/array context in title/abstract.,Vehicular Positioning Using mmWave TDOA with a Dynamically Tuned Covariance Matrix,2021,2021 IEEE Globecom Workshops (GC Wkshps),10.1109/gcwkshps52748.2021.9682125,,https://ieeexplore.ieee.org/stamp/stamp.jsp?arnumber=9682125,ieee_xplore_2026-02-19_06-02-26.csv,"5G/6G small cells have the potential to enable sub- meter positioning accuracy in urban canyons and downtown scenarios, where global navigation satellite systems (GNSS) suffer the most. In order offer a robust 5G/6G time-based trilateration position solution, extended Kalman filt..."
EXCLUDE,E_NOT_DOA,No DOA/AoA/array context in title/abstract.,A Deep Learning Approach for Localization Systems of High-Speed Objects,2019,IEEE Access,10.1109/access.2019.2929444,,https://ieeexplore.ieee.org/stamp/stamp.jsp?arnumber=8765304,ieee_xplore_2026-02-19_06-02-26.csv,"This paper addresses a novel deep learning technique for localization systems of high-speed mobile objects such as autonomous vehicles. The presented localization method consists of rough and fine localizations. The rough localization exploits the modified Kalman filtering, which..."
INCLUDE,I_DOA_TRACK,Mentions DOA/AoA and tracking (Kalman/EKF/UKF/innovation).,An effective algorithm for location and tracking the ground target based on near space vehicle,2015,2015 12th International Conference on Fuzzy Systems and Knowledge Discovery (FSKD),10.1109/fskd.2015.7382344,,https://ieeexplore.ieee.org/stamp/stamp.jsp?arnumber=7382344,ieee_xplore_2026-02-19_06-02-26.csv,"In recent years, the near space vehicle has quickly attracted many countries'attention due to its tremendous strategic value. The near space vehicle technology has become the international high-tech competition of the new strategic high ground. Location and tracking for the groun..."
REVIEW,R_TRACK_ARRAY,Tracking terms with array/radar context; DOA not explicit.,Analysis of a Distributed Array System for Satellite Acquisition,2017,IEEE Transactions on Aerospace and Electronic Systems,10.1109/taes.2017.2667898,,https://ieeexplore.ieee.org/stamp/stamp.jsp?arnumber=7855715,ieee_xplore_2026-02-19_06-02-26.csv,"Orbiting satellites and other spatial vehicles have complex trajectories that can usually be precisely approximated with analytical or numerical trajectory estimation algorithms. However, some scenarios, such as Launch and Early Orbit Phase (LEOP) or critical maneuvers, present g..."
EXCLUDE,E_NOT_DOA,No DOA/AoA/array context in title/abstract.,A New TOA Localization and Synchronization System With Virtually Synchronized Periodic Asymmetric Ranging Network,2021,IEEE Internet of Things Journal,10.1109/jiot.2021.3055677,,https://ieeexplore.ieee.org/stamp/stamp.jsp?arnumber=9340247,ieee_xplore_2026-02-19_06-02-26.csv,"In this article, we design a new time-of-arrival (TOA) system for simultaneous user device (UD) localization and synchronization with a periodic asymmetric ranging network, namely, PARN. The PARN includes one primary anchor node (PAN) transmitting and receiving signals, and many ..."
EXCLUDE,E_NOT_DOA,No DOA/AoA/array context in title/abstract.,Angle Residual Weighted Adaptive Kalman Filtering for Mine-Used Underground Monorail Crane Localization Based on UWB/INS Integration,2025,IEEE Transactions on Instrumentation and Measurement,10.1109/tim.2024.3502739,,https://ieeexplore.ieee.org/stamp/stamp.jsp?arnumber=10768972,ieee_xplore_2026-02-19_06-02-26.csv,The fusion of inertial navigation systems (INS) and ultrawideband (UWB) is a primary approach to enhance the positioning accuracy and stability of mine-used underground monorail cranes (MUMC) in coal mine tunnels. UWB demonstrates high positioning accuracy in ideal conditions. It...
REVIEW,R_TRACK_ARRAY,Tracking terms with array/radar context; DOA not explicit.,"Bayesian Cramer–Rao Bound, Extended and Unscented Kalman Filters Based Tracking Through Non-Ideal Transceivers in 5G and Beyond",2024,IEEE Transactions on Vehicular Technology,10.1109/tvt.2024.3445291,,https://ieeexplore.ieee.org/stamp/stamp.jsp?arnumber=10638233,ieee_xplore_2026-02-19_06-02-26.csv,This work investigates the tracking process and its performance in milliwave ($mm$wave) systems implementing orthogonal frequency-division multiplexing (OFDM). We aim to track a single-antenna mobile station (MS) based on well-known pilots broadcast from a multiple-antenna base s...
INCLUDE,I_DOA_TRACK,Mentions DOA/AoA and tracking (Kalman/EKF/UKF/innovation).,Gaussian Tracking With Kent-Distributed Direction-of-Arrival Measurements,2021,IEEE Transactions on Vehicular Technology,10.1109/tvt.2021.3086558,,https://ieeexplore.ieee.org/stamp/stamp.jsp?arnumber=9447185,ieee_xplore_2026-02-19_06-02-26.csv,"This paper presents a Gaussian tracking algorithm with direction-of-arrival (DOA) measurements modelled via the Kent distribution. The key aspect of the algorithm is that the Kent distribution directly models the specific characteristics of DOA measurements in the 3-D space, and ..."
EXCLUDE,E_NOT_DOA,No DOA/AoA/array context in title/abstract.,Improved Trilateration Algorithm Based on Unscented Kalman Filter,2023,2023 China Automation Congress (CAC),10.1109/cac59555.2023.10452141,,https://ieeexplore.ieee.org/stamp/stamp.jsp?arnumber=10452141,ieee_xplore_2026-02-19_06-02-26.csv,"In order to solve the problem of decreased positioning accuracy caused by ranging errors in indoor or occluded situations, this paper uses the TOF algorithm based on UWB positioning system to achieve ranging, and proposes an improved trilateration positioning algorithm based on w..."
REVIEW,R_DOA_ONLY,Mentions DOA/AoA but no explicit Kalman/tracking terms; review.,3D Angle-of-Arrival Positioning Using von Mises-Fisher Distribution,2018,2018 21st International Conference on Information Fusion (FUSION),10.23919/icif.2018.8455205,,https://ieeexplore.ieee.org/stamp/stamp.jsp?arnumber=8455205,ieee_xplore_2026-02-19_06-02-26.csv,We propose modeling an angle-of-arrival (AOA) positioning measurement as a 3-dimensional von Mises-Fisher (VMF)-distributed unit vector instead of the conventional normally distributed azimuth and elevation measurements. Describing the 2-dimensional AOA measurement with three num...
REVIEW,R_TRACK_ARRAY,Tracking terms with array/radar context; DOA not explicit.,An Advanced Cubature Information Filtering for Indoor Multiple Wideband Source Tracking With a Distributed Noise Statistics Estimator,2019,IEEE Access,10.1109/access.2019.2947600,,https://ieeexplore.ieee.org/stamp/stamp.jsp?arnumber=8869836,ieee_xplore_2026-02-19_06-02-26.csv,"Acoustic vector sensor (AVS) is an effective tool to tracking acoustic sources. However, for the problem of tracking multiple wideband sources using distributed AVS array (DAVS), there are still unsolved issues which include measurements-to-targets association and targets trackin..."
INCLUDE,I_DOA_TRACK,Mentions DOA/AoA and tracking (Kalman/EKF/UKF/innovation).,Direct Traget Tracking Algorithm,2017,"2017 International Conference on Computer Technology, Electronics and Communication (ICCTEC)",10.1109/icctec.2017.00114,,https://ieeexplore.ieee.org/stamp/stamp.jsp?arnumber=8789270,ieee_xplore_2026-02-19_06-02-26.csv,"Traditional target tracking methods address the target tracking problem by measuring information, such as time difference of arrival (TDOA), direction of arrival (DOA), and frequency difference of arrival (FDOA). In this paper, the direct target tracking (DTT) algorithm for the t..."
INCLUDE,I_DOA_TRACK,Mentions DOA/AoA and tracking (Kalman/EKF/UKF/innovation).,ADS-B signal tracking method based on LSTM network,2023,2023 3rd International Conference on Electronic Information Engineering and Computer (EIECT),10.1109/eiect60552.2023.10442184,,https://ieeexplore.ieee.org/stamp/stamp.jsp?arnumber=10442184,ieee_xplore_2026-02-19_06-02-26.csv,"The target tracking of the Automatic Dependent Surveillance – Broadcast (ADS-B) with the help of low earth orbit satellite (LEO) achieve large-scale, all-weather and long-term signal source location tracking, which is of certain significance for aircraft flight path planning. In ..."
INCLUDE,I_DOA_TRACK,Mentions DOA/AoA and tracking (Kalman/EKF/UKF/innovation).,Audio-Visual Tracking of Multiple Speakers Via a PMBM Filter,2022,"ICASSP 2022 - 2022 IEEE International Conference on Acoustics, Speech and Signal Processing (ICASSP)",10.1109/icassp43922.2022.9747595,,https://ieeexplore.ieee.org/stamp/stamp.jsp?arnumber=9747595,ieee_xplore_2026-02-19_06-02-26.csv,Audio-visual tracking of multiple speakers requires to estimate the state (e.g. velocity and location) of each speaker by leveraging the information of both audio and visual modalities. Estimating the number of speakers and their states jointly remains a challenging problem. We p...
REVIEW,R_TRACK_ARRAY,Tracking terms with array/radar context; DOA not explicit.,Acoustic UAV Detection using Spherical Array Beamforming,2022,"2022 56th Asilomar Conference on Signals, Systems, and Computers",10.1109/ieeeconf56349.2022.10051923,,https://ieeexplore.ieee.org/stamp/stamp.jsp?arnumber=10051923,ieee_xplore_2026-02-19_06-02-26.csv,We present an application for the acoustic detection and tracking of Unmanned Aerial Vehicles (UAVs) using a spherical harmonic multiple signal classification technique implemented for a commercially available spherical array. Preliminary results obtained during field testing dem...
INCLUDE,I_DOA_TRACK,Mentions DOA/AoA and tracking (Kalman/EKF/UKF/innovation).,Joint 3D Positioning and Network Synchronization in 5G Ultra-Dense Networks Using UKF and EKF,2016,2016 IEEE Globecom Workshops (GC Wkshps),10.1109/glocomw.2016.7848938,,https://ieeexplore.ieee.org/stamp/stamp.jsp?arnumber=7848938,ieee_xplore_2026-02-19_06-02-26.csv,It is commonly expected that future fifth generation (5G) networks will be deployed with a high spatial density of access nodes (ANs) in order to meet the envisioned capacity requirements of the upcoming wireless networks. Densification is beneficial not only for communications b...
EXCLUDE,E_ARRAY_NO_DOA_TRACK,Array/radar terms but no DOA or tracking terms.,An Imaging Algorithm for Obstacle Detection of Tunnel Horizontal Transporter Based on Millimeter Wave Radar,2022,2022 4th International Academic Exchange Conference on Science and Technology Innovation (IAECST),10.1109/iaecst57965.2022.10062270,,https://ieeexplore.ieee.org/stamp/stamp.jsp?arnumber=10062270,ieee_xplore_2026-02-19_06-02-26.csv,"Due to the influence of the tunnel environment, the tunnel horizontal vehicle may encounter obstacles in the course of operation, which may cause hidden dangers to the safety of the vehicle, in this environment, it is necessary to design an algorithm for obstacle detection to avo..."
INCLUDE,I_DOA_TRACK,Mentions DOA/AoA and tracking (Kalman/EKF/UKF/innovation).,A Novel Acoustic SLAM Method Based on Single Cluster Probability Hypothesis Density Filter,2025,IEEE Transactions on Instrumentation and Measurement,10.1109/tim.2025.3556904,,https://ieeexplore.ieee.org/stamp/stamp.jsp?arnumber=10947182,ieee_xplore_2026-02-19_06-02-26.csv,"Robustness to uncertain source numbers and data association is a key challenge for acoustic simultaneous localization and mapping (ASLAM). To address this problem, a novel acoustic probability hypothesis density (PHD)-SLAM method with an improved single cluster PHD filter is prop..."
INCLUDE,I_DOA_TRACK,Mentions DOA/AoA and tracking (Kalman/EKF/UKF/innovation).,Thin Cable Fiber-Optic Hydrophone Array for Passive Acoustic Surveillance Applications,2019,IEEE Sensors Journal,10.1109/jsen.2019.2894323,,https://ieeexplore.ieee.org/stamp/stamp.jsp?arnumber=8624509,ieee_xplore_2026-02-19_06-02-26.csv,"Fiber-optic interferometric sensing is a very attractive approach for creating lightweight, high-sensitive, and fully passive fiber-optic hydrophone arrays. In this paper, results of sea trials of the thin cable fiber-optic hydrophone array for passive acoustic surveillance appli..."
EXCLUDE,E_NOT_DOA,No DOA/AoA/array context in title/abstract.,An Introduction to Kalman Filtering Implementation for Localization and Tracking Applications,2019,"Handbook of Position Location: Theory, Practice, and Advances",10.1002/9781119434610.ch5,,https://ieeexplore.ieee.org/xpl/ebooks/bookPdfWithBanner.jsp?fileName=8633731.pdf&bkn=8633728&pdfType=chapter,ieee_xplore_2026-02-19_06-02-26.csv,"This chapter investigates the implementation of linear and nonlinear Kalman filters for localization, target tracking, and navigation. It formulates the positioning problem in the estimation context and presents a deterministic derivation for Kalman filters. The chapter introduce..."
EXCLUDE,E_NOT_DOA,No DOA/AoA/array context in title/abstract.,Continuous passive TDOA location method based on multi-flight-vehicle cooperation,2018,2018 Chinese Control And Decision Conference (CCDC),10.1109/ccdc.2018.8407632,,https://ieeexplore.ieee.org/stamp/stamp.jsp?arnumber=8407632,ieee_xplore_2026-02-19_06-02-26.csv,"In order to detect passively targets fixed on the ground or targets on the sea surface with multi-flight-vehicle cooperation, a continuous passive TDOA (Time difference of arrival) location method is presented which can be applied to multi-flight-vehicle platform. Measurement inf..."
EXCLUDE,E_NOT_DOA,No DOA/AoA/array context in title/abstract.,Factor Graph-Based Technique for Trajectory Tracking of Target with High Mobility,2024,IEICE Communications Express,10.23919/comex.2024xbl0132,,https://ieeexplore.ieee.org/stamp/stamp.jsp?arnumber=10675312,ieee_xplore_2026-02-19_06-02-26.csv,This paper presents a trajectory tracking algorithm for high-mobility targets using an extended Kalman smoothing (EKS)-based factor graph (FG). Traditional tracking methods often face challenges in maintaining accuracy and computational efficiency when dealing with fast-moving ob...
INCLUDE,I_DOA_TRACK,Mentions DOA/AoA and tracking (Kalman/EKF/UKF/innovation).,Synthetic Aperture Local Conformal Autoencoder for Semi-Supervised Speaker’s DOA Tracking,2025,"IEEE Transactions on Audio, Speech and Language Processing",10.1109/taslpro.2025.3587465,,https://ieeexplore.ieee.org/stamp/stamp.jsp?arnumber=11080057,ieee_xplore_2026-02-19_06-02-26.csv,"In this article, we address the problem of tracking the direction of arrival (DOA) of a moving speaker in noisy and reverberant environments. We aim to achieve this in real-time, using as few measurements as possible. Toward this goal, we present a semi-supervised learning scheme..."
EXCLUDE,E_ARRAY_NO_DOA_TRACK,Array/radar terms but no DOA or tracking terms.,Online simultaneous localization and mapping of multiple sound sources and asynchronous microphone arrays,2016,2016 IEEE/RSJ International Conference on Intelligent Robots and Systems (IROS),10.1109/iros.2016.7759311,,https://ieeexplore.ieee.org/stamp/stamp.jsp?arnumber=7759311,ieee_xplore_2026-02-19_06-02-26.csv,This paper presents an online method of simultaneous localization and mapping (SLAM) for estimating the positions of multiple moving sound sources and stationary robots and synchronizing microphone arrays attached to those robots. Since each robot with a microphone array can sole...
EXCLUDE,E_NOT_DOA,No DOA/AoA/array context in title/abstract.,Continuous high-accuracy radio positioning of cars in ultra-dense 5G networks,2017,2017 13th International Wireless Communications and Mobile Computing Conference (IWCMC),10.1109/iwcmc.2017.7986272,,https://ieeexplore.ieee.org/stamp/stamp.jsp?arnumber=7986272,ieee_xplore_2026-02-19_06-02-26.csv,"The upcoming fifth generation (5G) radio networks will be the game changer of future societies. In addition to obvious improvements in wireless communications, 5G enables also highly accurate user equipment (UE) positioning that is carried out on the network side. Such a solution..."
EXCLUDE,E_NOT_DOA,No DOA/AoA/array context in title/abstract.,Continuous device positioning and synchronization in 5g dense networks with skewed clocks,2017,2017 IEEE 18th International Workshop on Signal Processing Advances in Wireless Communications (SPAWC),10.1109/spawc.2017.8227741,,https://ieeexplore.ieee.org/stamp/stamp.jsp?arnumber=8227741,ieee_xplore_2026-02-19_06-02-26.csv,"Fifth generation (5G) radio networks are expected to provide remarkable improvements in the user experience due to faster data rates and lower latencies, for example. These kind of enhancements are made possible by several technical advances when compared to the existing networks..."
REVIEW,R_TRACK_ARRAY,Tracking terms with array/radar context; DOA not explicit.,A Reduced-Dimension CKF-Based Constrained Constant Modulus Beamformer,2023,2023 IEEE 23rd International Conference on Communication Technology (ICCT),10.1109/icct59356.2023.10419746,,https://ieeexplore.ieee.org/stamp/stamp.jsp?arnumber=10419746,ieee_xplore_2026-02-19_06-02-26.csv,"A reduced-dimension CKF-based constrained constant modulus adaptive beamforming algorithm is proposed in this letter. By introducing linear constraints, the constant modulus criterion is converted from non-convex problem to a convex problem and enable the beamformer to mitigate s..."
INCLUDE,I_DOA_TRACK,Mentions DOA/AoA and tracking (Kalman/EKF/UKF/innovation).,Robust DOA Tracking of an Underwater Target in Non-Gaussian and Nonstationary Environmental Noise,2025,IEEE Transactions on Aerospace and Electronic Systems,10.1109/taes.2025.3585897,,https://ieeexplore.ieee.org/stamp/stamp.jsp?arnumber=11071647,ieee_xplore_2026-02-19_06-02-26.csv,"Estimating the direction of arrival (DOA) of underwater targets using hydrophone array signals is a key research issue in the field of underwater acoustic signal processing. The strong nonlinearity of array signal models, the high-dimensionality of multisnapshot sonar acoustic ve..."
INCLUDE,I_DOA_TRACK,Mentions DOA/AoA and tracking (Kalman/EKF/UKF/innovation).,Three-dimensional millimetre wave beam tracking based on handset MEMS sensors with extended Kalman filtering,2016,Radio Propagation and Technologies for 5G (2016),10.1049/ic.2016.0066,,https://ieeexplore.ieee.org/stamp/stamp.jsp?arnumber=7814738,ieee_xplore_2026-02-19_06-02-26.csv,"Due to the narrow beam in millimetre wave communication for future 5G networks, small device movements in the form of either self-rotation or displacement can result in serious power loss. In this paper, a three-dimensional (3-D) beam tracking method employing extended Kalman fil..."
EXCLUDE,E_NOT_DOA,No DOA/AoA/array context in title/abstract.,Sensor Fusion for Tour-Guide Robot Localization,2018,IEEE Access,10.1109/access.2018.2885648,,https://ieeexplore.ieee.org/stamp/stamp.jsp?arnumber=8573764,ieee_xplore_2026-02-19_06-02-26.csv,"Doris, the social robot girl, is under development to be employed in museums and trade fairs as a tour guide. External sensorial information must be inputted so that Doris moves around each new location by using landmark identification points that can improve the real localizatio..."
EXCLUDE,E_NOT_DOA,No DOA/AoA/array context in title/abstract.,An Adaptive Tracking Estimator for Robust Vehicular Localization in Shadowing Areas,2019,IEEE Access,10.1109/access.2019.2907647,,https://ieeexplore.ieee.org/stamp/stamp.jsp?arnumber=8674753,ieee_xplore_2026-02-19_06-02-26.csv,The vehicular localization is a crucial technique in autonomous vehicle systems. This paper addresses an adaptive tracking method for robust vehicular localization even in shadowing conditions. The proposed tracking estimator consists of attitude estimation and position estimatio...
INCLUDE,I_DOA_TRACK,Mentions DOA/AoA and tracking (Kalman/EKF/UKF/innovation).,Evolutionary Tracking Algorithm Based on Combined Received Signal Strength and Angle of Arrival Measurements in Wireless Sensor Networks,2023,IEEE Sensors Journal,10.1109/jsen.2023.3308913,,https://ieeexplore.ieee.org/stamp/stamp.jsp?arnumber=10235882,ieee_xplore_2026-02-19_06-02-26.csv,"This article addresses the target tracking problem based on the received signal strength (RSS) and angle of arrival (AOA) in wireless sensor networks (WSNs). The tracking problem is formulated in the framework of the maximum a posteriori (MAP), in which the prior knowledge of mov..."
REVIEW,R_TRACK_ARRAY,Tracking terms with array/radar context; DOA not explicit.,Effective Barrage Noise Jamming for Spotlight SAR Using Extended Kalman Filter-Based Kinematic Parameter Estimation,2023,IEEE Journal of Selected Topics in Applied Earth Observations and Remote Sensing,10.1109/jstars.2023.3294828,,https://ieeexplore.ieee.org/stamp/stamp.jsp?arnumber=10180062,ieee_xplore_2026-02-19_06-02-26.csv,A barrage noise jamming method for spotlight synthetic aperture radar (SAR) with kinematic parameter estimation using extended Kalman filter (EKF) is newly proposed. The main objective of the proposed method is real-time generation of the jamming signals to create noise-like blan...
INCLUDE,I_DOA_TRACK,Mentions DOA/AoA and tracking (Kalman/EKF/UKF/innovation).,Angle estimation in blind signal for MIMO radar,2019,2019 IEEE AFRICON,10.1109/africon46755.2019.9133786,,https://ieeexplore.ieee.org/stamp/stamp.jsp?arnumber=9133786,ieee_xplore_2026-02-19_06-02-26.csv,A method to blind generate receiver signal and estimate the angle of a target with limited information from the source is considered in this paper for bistatic Multiple-Input Multiple-output (MIMO) radar. By utilizing the capabilities of Kalman filtering and imposing a recursive ...
EXCLUDE,E_NOT_DOA,No DOA/AoA/array context in title/abstract.,Positions-Only Clustering on Passive Location Points of Communication Transmitters,2021,IEEE Transactions on Instrumentation and Measurement,10.1109/tim.2021.3055285,,https://ieeexplore.ieee.org/stamp/stamp.jsp?arnumber=9350307,ieee_xplore_2026-02-19_06-02-26.csv,"For communication targets in a specific network, position is of great significance to recognize each of the targets. However, as one of the ways to obtain positions of communication transmitters, passive location has several problems such as uncertainty in the reception of commun..."
INCLUDE,I_DOA_TRACK,Mentions DOA/AoA and tracking (Kalman/EKF/UKF/innovation).,Terminal Position Tracking in LEO Satellite Communication Systems Exploiting Doppler and Multiantenna Measurements,2023,"2023 57th Asilomar Conference on Signals, Systems, and Computers",10.1109/ieeeconf59524.2023.10476863,,https://ieeexplore.ieee.org/stamp/stamp.jsp?arnumber=10476863,ieee_xplore_2026-02-19_06-02-26.csv,A connected vehicular terminal supported by Low Earth Orbit (LEO) Satellite Communication (SatCom) can exploit the communication signal for navigation during Global Positioning System (GPS) outage. We propose an algorithmic framework for tracking position and velocity of the term...
REVIEW,R_TRACK_ARRAY,Tracking terms with array/radar context; DOA not explicit.,Research and simulation of path estimation based on extended kalman filtering algorithm in video image,2021,2021 IEEE 4th International Conference on Information Systems and Computer Aided Education (ICISCAE),10.1109/iciscae52414.2021.9590744,,https://ieeexplore.ieee.org/stamp/stamp.jsp?arnumber=9590744,ieee_xplore_2026-02-19_06-02-26.csv,"Human beings can use artificial intelligence technology to model, predict and track moving targets. At present, visual target tracking is widely used in military and civil fields, such as visual navigation and positioning, radar target detection, air traffic control, robot visual..."
REVIEW,R_DOA_ONLY,Mentions DOA/AoA but no explicit Kalman/tracking terms; review.,An integrated closed-form fusion algorithm for TDOA/AOA,2016,2016 19th International Conference on Information Fusion (FUSION),,,https://ieeexplore.ieee.org/stamp/stamp.jsp?arnumber=7528077,ieee_xplore_2026-02-19_06-02-26.csv,"Target positioning in 3D based on TDOA (time difference of arrival) measurements is a challenging problem. This paper will design a novel integrated closed-form (ICF) fusion algorithm by bringing in an ancillary-variable, which could be uniformly applicable to TDOA, AOA, as well ..."
EXCLUDE,E_NOT_DOA,No DOA/AoA/array context in title/abstract.,Dynamic localization of mobile robot based on triangulation centroid estimation,2017,2017 29th Chinese Control And Decision Conference (CCDC),10.1109/ccdc.2017.7979120,,https://ieeexplore.ieee.org/stamp/stamp.jsp?arnumber=7979120,ieee_xplore_2026-02-19_06-02-26.csv,"According to the inbuilding disaster rescue system failure in network blind spots, a self-dynamic localization system of mobile robot, which can dynamically choose beacon node and determine centroid of intersection based on circles of three beacon nodes, was proposed. This method..."
REVIEW,R_TRACK_ARRAY,Tracking terms with array/radar context; DOA not explicit.,Noncircular Signal Tracking With Distributed Passive Arrays: Combining Data Fusion and Extended Kalman Filter,2024,IEEE Sensors Journal,10.1109/jsen.2023.3333863,,https://ieeexplore.ieee.org/stamp/stamp.jsp?arnumber=10328476,ieee_xplore_2026-02-19_06-02-26.csv,This article is concerned with the problem of tracking the location of moving noncircular (NC) signal emitters through distributed passive arrays. Conventional methods usually assume that the emitters are stationary over a small time frame and obtain the tracking trajectory by re...
EXCLUDE,E_NOT_DOA,No DOA/AoA/array context in title/abstract.,Autonomous Ground Vehicle Navigation with GNSS/5G Integration,2024,2024 7th International Conference on Information Communication and Signal Processing (ICICSP),10.1109/icicsp62589.2024.10809044,,https://ieeexplore.ieee.org/stamp/stamp.jsp?arnumber=10809044,ieee_xplore_2026-02-19_06-02-26.csv,"In this paper, we introduce a novel integrated navigation system that merges the capabilities of the global navigation satellite systems (GNSS) and fifth-generation (5G) wireless technology to deliver precise location-based services. Our approach entails the development of an int..."
REVIEW,R_TRACK_ARRAY,Tracking terms with array/radar context; DOA not explicit.,Acoustic SLAM With Moving Sound Event Based on Auxiliary Microphone Arrays,2023,IEEE Transactions on Intelligent Transportation Systems,10.1109/tits.2023.3289324,,https://ieeexplore.ieee.org/stamp/stamp.jsp?arnumber=10173709,ieee_xplore_2026-02-19_06-02-26.csv,"Acoustic simultaneous localization and mapping (ASLAM) aim to map the positions of sound sources while passively localizing the microphone array embedded in the robot platform. In this paper, an ASLAM method with auxiliary microphone arrays based on dual interacting multiple mode..."
REVIEW,R_TRACK_ARRAY,Tracking terms with array/radar context; DOA not explicit.,A Track Fusion Method Based on Converted Measurements in Multistatic Sonar Systems,2019,OCEANS 2019 - Marseille,10.1109/oceanse.2019.8867497,,https://ieeexplore.ieee.org/stamp/stamp.jsp?arnumber=8867497,ieee_xplore_2026-02-19_06-02-26.csv,"Tracking with multistatic sonar measurements is challenging due to the fact that the measurements are nonlinear functions of the Cartesian state. To obtain a global estimation of the target position, the existing approaches are to fuse local estimations of the target position or ..."
INCLUDE,I_DOA_TRACK,Mentions DOA/AoA and tracking (Kalman/EKF/UKF/innovation).,A Machine Learning Solution for Beam Tracking in mmWave Systems,2019,"2019 53rd Asilomar Conference on Signals, Systems, and Computers",10.1109/ieeeconf44664.2019.9048770,,https://ieeexplore.ieee.org/stamp/stamp.jsp?arnumber=9048770,ieee_xplore_2026-02-19_06-02-26.csv,"Utilizing millimeter-wave (mmWave) frequencies for wireless communication in mobile systems is challenging since it requires continuous tracking of the beam direction. Recently, beam tracking techniques based on channel sparsity and/or Kalman filter-based techniques were proposed..."
REVIEW,R_TRACK_ARRAY,Tracking terms with array/radar context; DOA not explicit.,A GPS Receiver Adaptive Digital Beamforming Interference Suppression Algorithm Based on Kalman Filter,2013,Chinese Journal of Electronics,10.23919/cje.2013.10285711,,https://ieeexplore.ieee.org/stamp/stamp.jsp?arnumber=10285711,ieee_xplore_2026-02-19_06-02-26.csv,"This paper proposed a novel Global positioning system (GPS) receiver adaptive Digital beamforming (DBF) interference suppression algorithm, which remodeled Minimum power distortionless response (MPDR) beamforming by transforming it into Minimum mean square error (MMSE) beamformin..."
EXCLUDE,E_NOT_DOA,No DOA/AoA/array context in title/abstract.,A Kalman filter-based method for displacement calculation of blade tip timing,2024,2024 IEEE International Instrumentation and Measurement Technology Conference (I2MTC),10.1109/i2mtc60896.2024.10561148,,https://ieeexplore.ieee.org/stamp/stamp.jsp?arnumber=10561148,ieee_xplore_2026-02-19_06-02-26.csv,"Blade tip timing (BTT), as a non-contact measurement technique, is used to monitor the health condition of rotor blades in turbomachinery. The accuracy of the vibration displacement obtained by BTT is important for the reliability of blade health monitoring. In this paper, a nove..."
REVIEW,R_DOA_ONLY,Mentions DOA/AoA but no explicit Kalman/tracking terms; review.,"A low-cost, near-real-time two-UAS-based UWB emitter monitoring system",2015,IEEE Aerospace and Electronic Systems Magazine,10.1109/maes.2015.140219,,https://ieeexplore.ieee.org/stamp/stamp.jsp?arnumber=7374062,ieee_xplore_2026-02-19_06-02-26.csv,"In this paper, a low-cost UEM system is presented. The coarse and then fine frequency scanning guarantee the near-real-time detection and emitter classification, the hierarchical direction of arrival (DOA) estimation maintains the low computational complexity, and the fusion of D..."
EXCLUDE,E_NOT_DOA,No DOA/AoA/array context in title/abstract.,A Look at the Recent Wireless Positioning Techniques With a Focus on Algorithms for Moving Receivers,2016,IEEE Access,10.1109/access.2016.2606486,,https://ieeexplore.ieee.org/stamp/stamp.jsp?arnumber=7562457,ieee_xplore_2026-02-19_06-02-26.csv,Employment of ground-based positioning systems has been consistently growing over the past decades due to the growing number of applications that require location information where the conventional satellite-based systems have limitations. Such systems have been successfully adop...
REVIEW,R_TRACK_ARRAY,Tracking terms with array/radar context; DOA not explicit.,Trajectory Filtering Algorithm in Multi-Position Passive Radars with Additional Flight Altitude Observation,2023,2023 IEEE 24th International Conference of Young Professionals in Electron Devices and Materials (EDM),10.1109/edm58354.2023.10225060,,https://ieeexplore.ieee.org/stamp/stamp.jsp?arnumber=10225060,ieee_xplore_2026-02-19_06-02-26.csv,"This work is devoted to developing an algorithm for trajectory filtering in multi-position passive radar systems. The peculiarity of such systems is to find radio radiation sources in areas with a high value of dilution of precision, which leads to a sharp deterioration in the ac..."
INCLUDE,I_DOA_TRACK,Mentions DOA/AoA and tracking (Kalman/EKF/UKF/innovation).,Adaptive Tracking for Beam Alignment between Ship-Borne Digital Phased-Array Antenna and LEO Satellite,2019,Journal of Communications and Information Networks,10.23919/jcin.2019.8917886,,https://ieeexplore.ieee.org/stamp/stamp.jsp?arnumber=8917886,ieee_xplore_2026-02-19_06-02-26.csv,"In mobile satellite communication networks employing digital beam forming technology, beam alignment imposes great influence on link quality and network efficiency. Owing to complex coupling motion by low earth orbit (LEO) satellite and ship, direction of arrival (DOA) of target ..."
REVIEW,R_TRACK_ARRAY,Tracking terms with array/radar context; DOA not explicit.,Adaptive Array Antenna Control Methods on Delay Tolerant Networks for Road Surveillance Systems,2016,2016 10th International Conference on Innovative Mobile and Internet Services in Ubiquitous Computing (IMIS),10.1109/imis.2016.104,,https://ieeexplore.ieee.org/stamp/stamp.jsp?arnumber=7794465,ieee_xplore_2026-02-19_06-02-26.csv,"The road conditions during the winter especially in mountain areas are one of the significant safety subjects for the residences and the tourists. However, there are still many places where the wireless networks such as 3G and LTE are hard to connect in the mountain areas, and it..."
REVIEW,R_TRACK_ARRAY,Tracking terms with array/radar context; DOA not explicit.,Localization and Tracking in mmWave Radio Networks using Beam-Based DoD Measurements,2018,2018 8th International Conference on Localization and GNSS (ICL-GNSS),10.1109/icl-gnss.2018.8440914,,https://ieeexplore.ieee.org/stamp/stamp.jsp?arnumber=8440914,ieee_xplore_2026-02-19_06-02-26.csv,"3D-beamforming capabilities of multiantenna equipments in fifth generation (5G) networks, operating in the millimeter wave (mmW) band, allow for accurate positioning and tracking of users. In this paper, we propose a method for 3D positioning and tracking of moving user equipment..."
INCLUDE,I_DOA_TRACK,Mentions DOA/AoA and tracking (Kalman/EKF/UKF/innovation).,Sensor Misalignment-Tolerant AUV Navigation With Passive DoA and Doppler Measurements,2025,IEEE Sensors Journal,10.1109/jsen.2025.3553710,,https://ieeexplore.ieee.org/stamp/stamp.jsp?arnumber=10944240,ieee_xplore_2026-02-19_06-02-26.csv,We present a sensor misalignment-tolerant autonomous underwater vehicle (AUV) navigation method that leverages measurements from an acoustic array and dead reckoning (DR). Recent studies have demonstrated the potential use of passive acoustic direction of arrival (DoA) measuremen...
REVIEW,R_DOA_ONLY,Mentions DOA/AoA but no explicit Kalman/tracking terms; review.,2-D Localization System for Mobile IoT Devices Using a Single Wi-Fi Access Point With a Passive Frequency-Scanned Antenna,2023,IEEE Internet of Things Journal,10.1109/jiot.2023.3262830,,https://ieeexplore.ieee.org/stamp/stamp.jsp?arnumber=10086563,ieee_xplore_2026-02-19_06-02-26.csv,"A novel 2-D indoor location system for Internet of Things devices employing a single Wi-Fi access point (AP) is presented. The  $\{x, y\}$  position is estimated with a combination of Direction-of-Arrival (DoA) and Time-of-Flight (ToF) algorithms. The azimuthal DoA is estimated u..."
REVIEW,R_DOA_ONLY,Mentions DOA/AoA but no explicit Kalman/tracking terms; review.,DOA-Based Cooperative Positioning in Wireless Sensor Network With Factor Graph Technique,2025,IEEE Transactions on Vehicular Technology,10.1109/tvt.2025.3584070,,https://ieeexplore.ieee.org/stamp/stamp.jsp?arnumber=11054315,ieee_xplore_2026-02-19_06-02-26.csv,"This paper proposes a direction-of-arrival (DOA)-based cooperative positioning system in wireless sensor networks (WSNs), utilizing the factor graph (FG) technique. It aims to deal with the scenario where the anchor nodes, i.e., the sensors, are insufficient, rendering the conven..."
INCLUDE,I_DOA_TRACK,Mentions DOA/AoA and tracking (Kalman/EKF/UKF/innovation).,Multi-Robot Acoustic SLAM Based on Distributed Robust Discrete-Gamma Cardinalized Probability Hypothesis Density Filter,2026,"IEEE Transactions on Audio, Speech and Language Processing",10.1109/taslpro.2025.3639771,,https://ieeexplore.ieee.org/stamp/stamp.jsp?arnumber=11275862,ieee_xplore_2026-02-19_06-02-26.csv,"Multi-robot acoustic simultaneous localization and mapping (ASLAM) in complex environments is essential but challenging due to the heavy-tailed noise. To address the problem, a multi-robot acoustic SLAM based on distributed robust discrete-Gamma cardinalized probability hypothesi..."
REVIEW,R_TRACK_ARRAY,Tracking terms with array/radar context; DOA not explicit.,Proposal of Vehicle-to-Vehicle Based Delay Tolerant Networks with Adaptive Aray Antenna Control Systems,2016,2016 30th International Conference on Advanced Information Networking and Applications Workshops (WAINA),10.1109/waina.2016.163,,https://ieeexplore.ieee.org/stamp/stamp.jsp?arnumber=7471275,ieee_xplore_2026-02-19_06-02-26.csv,"The recent technological growth of autonomous moving nodes including vehicles or drones expect us to the various usages such as for M2M or V2V communications as well as the disaster information systems in the near future. However, it is difficult to keep continuous data transmiss..."
EXCLUDE,E_NOT_DOA,No DOA/AoA/array context in title/abstract.,The Grid Searching Positioning Method Based on the Ultra Wide-Band,2023,2023 China Automation Congress (CAC),10.1109/cac59555.2023.10451855,,https://ieeexplore.ieee.org/stamp/stamp.jsp?arnumber=10451855,ieee_xplore_2026-02-19_06-02-26.csv,"With the development of the Internet of Things and communication industry, ultra wide-band (UWB) technology is increasingly widely applied in the field of positioning. However, in some complex scenarios, the traditional three-circle intersecting algorithm is difficult to give pos..."
EXCLUDE,E_NOT_DOA,No DOA/AoA/array context in title/abstract.,Feature-Aided Passive Tracking of Noncooperative Multiple Targets Based on the Underwater Sensor Networks,2023,IEEE Internet of Things Journal,10.1109/jiot.2022.3218733,,https://ieeexplore.ieee.org/stamp/stamp.jsp?arnumber=9933789,ieee_xplore_2026-02-19_06-02-26.csv,"Passive detection can work for a long time with low energy consumption in underwater surveillance. However, tracking unknown noncooperative targets with only direction angles is challenging, and the tracking performance of multiple targets is poor. Based on several passive sensor..."
REVIEW,R_DOA_ONLY,Mentions DOA/AoA but no explicit Kalman/tracking terms; review.,Research on Direction Finding Algorithm Based on Bluetooth AOA Measurement,2024,2024 International Conference on Advances in Electrical Engineering and Computer Applications (AEECA),10.1109/aeeca62331.2024.00109,,https://ieeexplore.ieee.org/stamp/stamp.jsp?arnumber=10898771,ieee_xplore_2026-02-19_06-02-26.csv,"With the broad deployment of Bluetooth in IoT devices, the Bluetooth SIG has incorporated a measurement-based AOA direction finding algorithm specification into the Bluetooth protocol to facilitate location-based services. In this study, we found that these errors in AOA measurem..."
INCLUDE,I_DOA_TRACK,Mentions DOA/AoA and tracking (Kalman/EKF/UKF/innovation).,GNSS Spoofing Detection and Mitigation in Multireceiver Configuration via Tracklets and Spoofer Localization,2022,IEEE Access,10.1109/access.2022.3160047,,https://ieeexplore.ieee.org/stamp/stamp.jsp?arnumber=9736986,ieee_xplore_2026-02-19_06-02-26.csv,"Global navigation satellite systems (GNSS) sensors estimate its position, velocity, and time (PVT) using pseudorange measurements. When there is no interference, the pseudoranges are due to authentic satellites, and the bearings is distinguishable. Whereas, in the presence of any..."
EXCLUDE,E_ARRAY_NO_DOA_TRACK,Array/radar terms but no DOA or tracking terms.,Beacon-assisted Underwater Localization by L1-norm Space-Time Tensor Subspaces,2019,OCEANS 2019 MTS/IEEE SEATTLE,10.23919/oceans40490.2019.8962691,,https://ieeexplore.ieee.org/stamp/stamp.jsp?arnumber=8962691,ieee_xplore_2026-02-19_06-02-26.csv,"We consider the problem of robust self-localization of underwater robots with no GPS assistance and no availability of global clock synchronization. In particular, we consider self-localization of autonomous underwater vehicles that are equipped with a triangular hydrophone acous..."
REVIEW,R_DOA_ONLY,Mentions DOA/AoA but no explicit Kalman/tracking terms; review.,LDL Decomposition-based FGPA Real-time Implementation of DOA Estimation,2018,"2018 52nd Asilomar Conference on Signals, Systems, and Computers",10.1109/acssc.2018.8645387,,https://ieeexplore.ieee.org/stamp/stamp.jsp?arnumber=8645387,ieee_xplore_2026-02-19_06-02-26.csv,An FGPA implementation and real-time experimental verification of proposed direction of arrival (DOA) estimation algorithm employing LDL decomposition are presented in this paper. The proposed algorithm is implemented on a Xilinx FGPA using LabVIEW software and its real-time expe...
INCLUDE,I_DOA_TRACK,Mentions DOA/AoA and tracking (Kalman/EKF/UKF/innovation).,Mobile Millimeter Wave Channel Tracking: A Bayesian Beamforming Framework against DOA Uncertainty,2019,2019 IEEE Global Communications Conference (GLOBECOM),10.1109/globecom38437.2019.9013620,,https://ieeexplore.ieee.org/stamp/stamp.jsp?arnumber=9013620,ieee_xplore_2026-02-19_06-02-26.csv,"A Bayesian approach for joint beamforming and tracking is presented, which is robust to uncertain direction-of-arrival (DOA) estimation in millimeter wave (mmWave) multiple input multiple output (MIMO) systems. The uncertain or completely unknown DOA is modeled as a discrete rand..."
REVIEW,R_DOA_ONLY,Mentions DOA/AoA but no explicit Kalman/tracking terms; review.,An Audio-Video Sensor Fusion Framework To Augment Humanoid Capabilities For Identifying And Interacting With Human Conversational Partners,2023,2023 IEEE-RAS 22nd International Conference on Humanoid Robots (Humanoids),10.1109/humanoids57100.2023.10375198,,https://ieeexplore.ieee.org/stamp/stamp.jsp?arnumber=10375198,ieee_xplore_2026-02-19_06-02-26.csv,"Human robot interaction often requires many sub-systems to work together in order to facilitate more natural and intelligent interactions with multiple humans. For this work, the relevant systems include audio and visual direction of arrival estimation that are used in an encompa..."
REVIEW,R_DOA_ONLY,Mentions DOA/AoA but no explicit Kalman/tracking terms; review.,Auto-Calibration of Antenna Array with Quantum Annealing,2026,IEEE Transactions on Aerospace and Electronic Systems,10.1109/taes.2026.3651214,,https://ieeexplore.ieee.org/stamp/stamp.jsp?arnumber=11329161,ieee_xplore_2026-02-19_06-02-26.csv,This paper proposes a quantum annealing (QA)-based auto-calibration method that efficiently estimates calibration parameters of array antennas. Gain and phase errors in individual array elements hinder the accuracy of direction of arrival (DOA) estimation. In large-scale antenna ...
REVIEW,R_DOA_ONLY,Mentions DOA/AoA but no explicit Kalman/tracking terms; review.,Coordinated Path Planning for Surface Acoustic Beacons for Supporting Underwater Localization,2021,2021 IEEE/RSJ International Conference on Intelligent Robots and Systems (IROS),10.1109/iros51168.2021.9636703,,https://ieeexplore.ieee.org/stamp/stamp.jsp?arnumber=9636703,ieee_xplore_2026-02-19_06-02-26.csv,"Accurate localization is one of the biggest challenges in underwater robotics. The primary reasons behind that are unavailability of satellite-based positioning below the surface, and lack of clear features in natural water bodies for visually aided localization. As such, the com..."
EXCLUDE,E_NOT_DOA,No DOA/AoA/array context in title/abstract.,Cooperative Localization of Connected Vehicles: Integrating GNSS With DSRC Using a Robust Cubature Kalman Filter,2017,IEEE Transactions on Intelligent Transportation Systems,10.1109/tits.2016.2633999,,https://ieeexplore.ieee.org/stamp/stamp.jsp?arnumber=7801823,ieee_xplore_2026-02-19_06-02-26.csv,Cooperative localization of the connected vehicles is significant for many advanced intelligent transportation system (ITS) applications. Vehicle-to-vehicle communication using dedicated short-range communication (DSRC) has great potential to enhance global navigation satellite s...
EXCLUDE,E_NOT_DOA,No DOA/AoA/array context in title/abstract.,Underwater target tracking algorithm based on nonlinear RTS smoothing SVD-UKF with adaptive coefficients,2023,2023 3rd International Conference on Electronic Information Engineering and Computer Communication (EIECC),10.1109/eiecc60864.2023.10456625,,https://ieeexplore.ieee.org/stamp/stamp.jsp?arnumber=10456625,ieee_xplore_2026-02-19_06-02-26.csv,"To address the accuracy and stability issues in underwater target tracking, it is essential to consider the impact of nonlinear state as well as measurement equations on filtering performance, as well as the potential adverse effects of noise and other interfering factors that ca..."
REVIEW,R_DOA_ONLY,Mentions DOA/AoA but no explicit Kalman/tracking terms; review.,Target Motion State Identification and Parameter Estimation in Reliable Acoustic Path Environment,2025,"2025 IEEE 15th International Conference on Signal Processing, Communications and Computing (ICSPCC)",10.1109/icspcc66825.2025.11194342,,https://ieeexplore.ieee.org/stamp/stamp.jsp?arnumber=11194342,ieee_xplore_2026-02-19_06-02-26.csv,"In the reliable acoustic path (RAP) environment, after the underwater target signal propagates through the environment, its arrival structure contains the parameter information of the moving target. However, conventional target motion analysis (TMA) methods are not matched with d..."
EXCLUDE,E_NOT_DOA,No DOA/AoA/array context in title/abstract.,Localization of Moving Source in the Shallow Layer of Deep Ocean Based on the Arriving Time Difference between the First and Second Waves,2020,2020 IEEE 20th International Conference on Communication Technology (ICCT),10.1109/icct50939.2020.9295719,,https://ieeexplore.ieee.org/stamp/stamp.jsp?arnumber=9295719,ieee_xplore_2026-02-19_06-02-26.csv,"In this paper, moving source localization with improved positioning accuracy was achieved with the Extended Kalman Filter (EKF) method by exploiting the time flight difference of multi-path arrivals of a hydrophone. Considering the lager SNR of the first and second waves, the tim..."
REVIEW,R_DOA_ONLY,Mentions DOA/AoA but no explicit Kalman/tracking terms; review.,A new passive localization method of the interference source for satellite communications (invited paper),2017,2017 9th International Conference on Wireless Communications and Signal Processing (WCSP),10.1109/wcsp.2017.8171195,,https://ieeexplore.ieee.org/stamp/stamp.jsp?arnumber=8171195,ieee_xplore_2026-02-19_06-02-26.csv,The existing localization methods for the satellite communication interference source based on satellites are too complex and costly to be used in practical applications. A new localization method based on two satellites for the interference source is proposed in this paper. By c...
EXCLUDE,E_NOT_DOA,No DOA/AoA/array context in title/abstract.,Robust Two-Layer UAV Spoofing Detection Based on Multi-source/Multi-dimensional Data Analysis for Low-altitude Networks,2026,IEEE Transactions on Network Science and Engineering,10.1109/tnse.2026.3658496,,https://ieeexplore.ieee.org/stamp/stamp.jsp?arnumber=11365548,ieee_xplore_2026-02-19_06-02-26.csv,"The navigation safety of Unmanned Aerial Vehicles (UAVs) is crucial for the stability and reliability of low-altitude networks. However, the Global Navigation Satellite System (GNSS) they depend on is vulnerable to spoofing, becoming a key challenge to low-altitude network securi..."
EXCLUDE,E_ARRAY_NO_DOA_TRACK,Array/radar terms but no DOA or tracking terms.,Imprementation of Shift Array Antenna Control Systems with Image Recognitions for Vehicle-to-Vehicle Networks,2017,2017 31st International Conference on Advanced Information Networking and Applications Workshops (WAINA),10.1109/waina.2017.129,,https://ieeexplore.ieee.org/stamp/stamp.jsp?arnumber=7929755,ieee_xplore_2026-02-19_06-02-26.csv,"The vehicle-to-vehicle (V2V) networks have become one of the significant topics for the future automobile technologies in recent. However, the high frequency wireless interfaces for V2V networks have some subjects such as the transmission range and the obstacles. Therefore, this ..."
EXCLUDE,E_NOT_DOA,No DOA/AoA/array context in title/abstract.,Passive Ranging of Ballistic Missile With Infrared Sensors Using Angle-only Tracks,2025,"2025 IEEE Space, Aerospace and Defence Conference (SPACE)",10.1109/space65882.2025.11170808,,https://ieeexplore.ieee.org/stamp/stamp.jsp?arnumber=11170808,ieee_xplore_2026-02-19_06-02-26.csv,This paper presents a passive-ranging algorithm using multiple Infrared (IR) sensors positioned along the range of ballistic missile trajectory. Each IR sensor track multiple missiles using Angle Only Tracking (AoT). The output of AoT is used for the passive ranging using nonline...
EXCLUDE,E_NOT_DOA,No DOA/AoA/array context in title/abstract.,A Surveillance System for Drone Localization and Tracking Using Acoustic Arrays,2018,2018 IEEE 10th Sensor Array and Multichannel Signal Processing Workshop (SAM),10.1109/sam.2018.8448409,,https://ieeexplore.ieee.org/stamp/stamp.jsp?arnumber=8448409,ieee_xplore_2026-02-19_06-02-26.csv,"The wide proliferation of drones has posed great threats to personal privacy and public security, which makes it urgent to monitor the drones in the sensitive areas. Drone surveillance using acoustic arrays, as a promising method, could localize and track the drones effectively. ..."
INCLUDE,I_DOA_TRACK,Mentions DOA/AoA and tracking (Kalman/EKF/UKF/innovation).,A Method of Multiple Targets DOA Tracking with Vector Hydrophone Based on Unite Processing in Time and Frequency Domain,2023,2023 3rd International Conference on Information Communication and Software Engineering (ICICSE),10.1109/icicse58435.2023.10211837,,https://ieeexplore.ieee.org/stamp/stamp.jsp?arnumber=10211837,ieee_xplore_2026-02-19_06-02-26.csv,Acoustic pressure and particle velocity is narrowband filtered to obtain multi-band signal. High-order correlation equations composed of acoustic pressure and particle velocity are solved by optimization algorithm and DOA (Direction of arrive) distribution for different signal in...
REVIEW,R_DOA_ONLY,Mentions DOA/AoA but no explicit Kalman/tracking terms; review.,Reiterative Mmse Using Feed-Forward Prior Estimates for Improved Direction Finding,2025,2025 IEEE International Radar Conference (RADAR),10.1109/radar52380.2025.11031608,,https://ieeexplore.ieee.org/stamp/stamp.jsp?arnumber=11031608,ieee_xplore_2026-02-19_06-02-26.csv,"Reiterative super-resolution (RISR) is a variant of the reiterative minimum mean squared error (RMMSE) algorithm class, originally developed for adaptive direction finding. RISR was recently experimentally demonstrated to enhance open-air direction-of-arrival estimation while pro..."
REVIEW,R_DOA_ONLY,Mentions DOA/AoA but no explicit Kalman/tracking terms; review.,Development and Performance Analysis of Algorithm for Joint Processing of Measurements from UWB ToF/AoA LPS and PDR Algorithm Estimates for Known User Height,2025,2025 IEEE 26th International Conference of Young Professionals in Electron Devices and Materials (EDM),10.1109/edm65517.2025.11096860,,https://ieeexplore.ieee.org/stamp/stamp.jsp?arnumber=11096860,ieee_xplore_2026-02-19_06-02-26.csv,This paper is devoted to the development of observation models used in the algorithm for joint processing of measurements from ultra-wideband time-of-flight/angle-of-arrival local positioning system and pedestrian dead reckoning algorithm estimates. In previously published papers...
INCLUDE,I_DOA_TRACK,Mentions DOA/AoA and tracking (Kalman/EKF/UKF/innovation).,Dynamic parameters identification for a longitudinal model of an AUV exploiting experimental data,2020,Global Oceans 2020: Singapore – U.S. Gulf Coast,10.1109/ieeeconf38699.2020.9389181,,https://ieeexplore.ieee.org/stamp/stamp.jsp?arnumber=9389181,ieee_xplore_2026-02-19_06-02-26.csv,"This work addresses the problem of determining a low cost method to identify the dynamic parameters of the surge motion model for an Autonomous Underwater Vehicle (AUV) utilising experimental data. With this goal, various sea tests were planned and carried out, involving minimal ..."
INCLUDE,I_DOA_TRACK,Mentions DOA/AoA and tracking (Kalman/EKF/UKF/innovation).,Integration of Inertial Measurement Unit with ToF/AoA Local Navigation System Using Extended Kalman Filter,2024,"2024 6th International Youth Conference on Radio Electronics, Electrical and Power Engineering (REEPE)",10.1109/reepe60449.2024.10479680,,https://ieeexplore.ieee.org/stamp/stamp.jsp?arnumber=10479680,ieee_xplore_2026-02-19_06-02-26.csv,This paper is devoted to the development of an algorithm for the integration of an inertial measurement unit (IMU) and a time-of-flight/angle-of-arrival (ToF/AoA) local navigation system (LNS) based on ultra-wideband (UWB) signals. Proposed approach for integration of radio and i...
EXCLUDE,E_NOT_DOA,No DOA/AoA/array context in title/abstract.,Kalman filter for radio astronomy dynamic imaging based on empirical covariances,2024,2024 IEEE Aerospace Conference,10.1109/aero58975.2024.10521085,,https://ieeexplore.ieee.org/stamp/stamp.jsp?arnumber=10521085,ieee_xplore_2026-02-19_06-02-26.csv,Traditional Kalman filters are not immediately suitable for the estimation of state parameters with sample covariance matrices as observations. This comes from the fact that the observations must be first expressed as a linear function of sample covariance matrices. The primary o...
EXCLUDE,E_NOT_DOA,No DOA/AoA/array context in title/abstract.,An Improved Extended Kalman Filter for UAV Localization in UWB Navigation System,2023,2023 China Automation Congress (CAC),10.1109/cac59555.2023.10449981,,https://ieeexplore.ieee.org/stamp/stamp.jsp?arnumber=10449981,ieee_xplore_2026-02-19_06-02-26.csv,"In this paper, we propose a new approach to estimate yaw angle of UAV operating in UWB navigation system. Absolute orientation algorithm which is commonly used to match images is used to align optical-flow-inertial coordinate to UWB navigation coordinate. An improved extended kal..."
REVIEW,R_TRACK_ARRAY,Tracking terms with array/radar context; DOA not explicit.,Low-Cost Radar for Object Tracking in Autonomous Driving: A Data-Fusion Approach,2018,2018 IEEE 87th Vehicular Technology Conference (VTC Spring),10.1109/vtcspring.2018.8417751,,https://ieeexplore.ieee.org/stamp/stamp.jsp?arnumber=8417751,ieee_xplore_2026-02-19_06-02-26.csv,"Automotive LiDAR and Radar sensor fusion is quickly developing as a technique used to provide ground truth data for radar development. Radar sensors in an automotive application are known to have many sources of noise such as bumper fascia distortion, non-linear component behavio..."
EXCLUDE,E_NOT_DOA,No DOA/AoA/array context in title/abstract.,Sound Source Tracking by incorporating Target Motion estimated by Visual Trackers,2020,2020 IEEE/SICE International Symposium on System Integration (SII),10.1109/sii46433.2020.9025921,,https://ieeexplore.ieee.org/stamp/stamp.jsp?arnumber=9025921,ieee_xplore_2026-02-19_06-02-26.csv,"It is one of the fundamental features for intelligent robots to track plural targets around them to recognize the environment, and various sensors including visual and acoustic devices have been utilized. Sound source tracking is one of such trackers required by the systems with ..."
EXCLUDE,E_NOT_DOA,No DOA/AoA/array context in title/abstract.,Notice of Removal: Direct Traget Tracking Algorithm,2018,"2018 International Computers, Signals and Systems Conference (ICOMSSC)",10.1109/icomssc45026.2018.8941777,,https://ieeexplore.ieee.org/stamp/stamp.jsp?arnumber=8941777,ieee_xplore_2026-02-19_06-02-26.csv,Removed.
INCLUDE,I_DOA_TRACK,Mentions DOA/AoA and tracking (Kalman/EKF/UKF/innovation).,"Light will Guide You: Passive Joint DOA/FOA Sensing, Tracking, and Navigation with Unknown LEO Satellites",2025,"2025 IEEE/ION Position, Location and Navigation Symposium (PLANS)",10.1109/plans61210.2025.11028529,,https://ieeexplore.ieee.org/stamp/stamp.jsp?arnumber=11028529,ieee_xplore_2026-02-19_06-02-26.csv,"A closed-loop direction-of-arrival (DOA) framework based on differential received signal strength (DRSS) measurements is developed, enabling passive sensing and tracking of low Earth orbit (LEO) satellites. First, a model of the DRSS-based DOA discriminator is described. Second, ..."
INCLUDE,I_DOA_TRACK,Mentions DOA/AoA and tracking (Kalman/EKF/UKF/innovation).,A TOA-DOA Hybrid Factor Graph-Based Technique for Multi-Target Geolocation and Tracking,2021,IEEE Access,10.1109/access.2021.3052233,,https://ieeexplore.ieee.org/stamp/stamp.jsp?arnumber=9328090,ieee_xplore_2026-02-19_06-02-26.csv,"In this article, we propose a new distributed sensors-based multi-target geolocation and tracking technique. The proposed technique is a joint time-of-arrival (TOA) and direction-of-arrival (DOA) factor graph (FG) for multi-target geolocation (FG-GE), which is further combined wi..."
EXCLUDE,E_NOT_DOA,No DOA/AoA/array context in title/abstract.,Direction-Aided Indoor Positioning Leveraging Ultra-Wideband Radio,2019,2019 IEEE 90th Vehicular Technology Conference (VTC2019-Fall),10.1109/vtcfall.2019.8891116,,https://ieeexplore.ieee.org/stamp/stamp.jsp?arnumber=8891116,ieee_xplore_2026-02-19_06-02-26.csv,"Many emerging applications based on robotics or augmented reality (e.g. for museums, BIM...) require accurate indoor positioning, that obviously can not be achieved by global positioning systems or traditional radio systems using received signal strength indicators. Ultra-wideban..."
EXCLUDE,E_NOT_DOA,No DOA/AoA/array context in title/abstract.,An Effective Dereverberation Algorithm by Fusing MVDR and MCLP,2022,"2022 IEEE International Conference on Signal Processing, Communications and Computing (ICSPCC)",10.1109/icspcc55723.2022.9984583,,https://ieeexplore.ieee.org/stamp/stamp.jsp?arnumber=9984583,ieee_xplore_2026-02-19_06-02-26.csv,"In the scenario with reverberation, the experience of human-machine interaction will become worse. In order to solve this problem, many methods for the dereverberation have emerged. At present, how to update the parameters of the Kalman filter in the existing dereverberation meth..."
INCLUDE,I_DOA_TRACK,Mentions DOA/AoA and tracking (Kalman/EKF/UKF/innovation).,Radar-Based Robust People Tracking and Consumer Applications,2022,IEEE Sensors Journal,10.1109/jsen.2022.3141202,,https://ieeexplore.ieee.org/stamp/stamp.jsp?arnumber=9673762,ieee_xplore_2026-02-19_06-02-26.csv,"Robust people tracking in an indoor or outdoor environment is an important feature for fitness applications, surveillance systems for security, and assisted living for the elderly. Camera-based systems offer the state of the art approach but raise privacy concerns and consume a s..."
REVIEW,R_TRACK_ARRAY,Tracking terms with array/radar context; DOA not explicit.,Tracking Multiple Targets in MIMO Radar Via Adaptive Asymmetric Joint Diagonalization,2016,IEEE Transactions on Signal Processing,10.1109/tsp.2016.2535249,,https://ieeexplore.ieee.org/stamp/stamp.jsp?arnumber=7420694,ieee_xplore_2026-02-19_06-02-26.csv,Direction finding for multiple targets is one of the most important tasks in MIMO radar applications. The existing algorithms such as MUSIC and ESPRIT for direction finding can only achieve the localization of multiple targets with unchanged location parameters due to their batch...
REVIEW,R_TRACK_ARRAY,Tracking terms with array/radar context; DOA not explicit.,Fully Adaptive Resource Management in Radar Networks,2020,2020 IEEE Radar Conference (RadarConf20),10.1109/radarconf2043947.2020.9266440,,https://ieeexplore.ieee.org/stamp/stamp.jsp?arnumber=9266440,ieee_xplore_2026-02-19_06-02-26.csv,We present a fully adaptive radar network testbed that consists of four monostatic X-band radar sensors and a centralized controller which uses a perception-action cycle to optimize radar parameter in real time. The sensor hardware and the control algorithms are presented and exp...
EXCLUDE,E_NOT_DOA,No DOA/AoA/array context in title/abstract.,In-body Bionanosensor Communication and Localization for Anomaly Detection,2021,2021 International Balkan Conference on Communications and Networking (BalkanCom),10.1109/balkancom53780.2021.9593231,,https://ieeexplore.ieee.org/stamp/stamp.jsp?arnumber=9593231,ieee_xplore_2026-02-19_06-02-26.csv,"Nanotechnology enables the development of a new generation of devices which are able to sense, process and communicate while being in the scale of tens to hundreds of cubic nanometers. Such small, imperceptible devices enhance not only current applications but enable entirely new..."
EXCLUDE,E_NOT_DOA,No DOA/AoA/array context in title/abstract.,A Bayesian Hierarchical Model for Speech Enhancement With Time-Varying Audio Channel,2019,"IEEE/ACM Transactions on Audio, Speech, and Language Processing",10.1109/taslp.2018.2876177,,https://ieeexplore.ieee.org/stamp/stamp.jsp?arnumber=8492427,ieee_xplore_2026-02-19_06-02-26.csv,"We present a fully Bayesian hierarchical approach for multichannel speech enhancement with time-varying audio channel. Our probabilistic approach relies on a Gaussian prior for the speech signal and a Gamma hyperprior for the speech precision, combined with a multichannel linear-..."
EXCLUDE,E_NOT_DOA,No DOA/AoA/array context in title/abstract.,Constrained optimization of sensors trajectories for moving source localization using TDOA and FDOA measurements,2015,2015 3rd RSI International Conference on Robotics and Mechatronics (ICROM),10.1109/icrom.2015.7367784,,https://ieeexplore.ieee.org/stamp/stamp.jsp?arnumber=7367784,ieee_xplore_2026-02-19_06-02-26.csv,This paper examines the problem of determining optimal sensors trajectories for localization of a moving radio source based on Time Difference of Arrival (TDOA) and Frequency Difference of Arrival (FDOA) measurements in situations in which sensors are constrained both in their mo...
EXCLUDE,E_NOT_DOA,No DOA/AoA/array context in title/abstract.,Gaussian Sum Filter based SLAM for Autonomous Navigation of Underwater Vehicles using Acoustic Sources,2019,OCEANS 2019 - Marseille,10.1109/oceanse.2019.8867302,,https://ieeexplore.ieee.org/stamp/stamp.jsp?arnumber=8867302,ieee_xplore_2026-02-19_06-02-26.csv,Underwater localization is crucial for autonomous navigation of underwater vehicles. This paper presents a method of acoustic based underwater localization. It utilizes artificial acoustic sources as underwater landmarks. A vehicle is equipped with two hydrophones so that it acqu...
INCLUDE,I_DOA_TRACK,Mentions DOA/AoA and tracking (Kalman/EKF/UKF/innovation).,Relative Localization Algorithm for UWB/IMU Loose Combination Unmanned Ground Vehicles Based on EKF Model Compensation,2025,2025 IEEE International Conference on Mechatronics and Automation (ICMA),10.1109/icma65362.2025.11120803,,https://ieeexplore.ieee.org/stamp/stamp.jsp?arnumber=11120803,ieee_xplore_2026-02-19_06-02-26.csv,"Aiming at the problems of high localization error and weak adaptability to environmental conditions of traditional unmanned ground vehicle (UGV) relative localization algorithms, a loose combined ultra-wideband and inertial measurement unit (UWB/IMU) localization algorithm based ..."
EXCLUDE,E_NOT_DOA,No DOA/AoA/array context in title/abstract.,A Learning-Enhanced Robust Adaptive Fading Extended/Error-State Kalman Filter for Integrated IMU-UWB Indoor Localization Under NLOS Reception,2025,IEEE Transactions on Vehicular Technology,10.1109/tvt.2025.3648547,,https://ieeexplore.ieee.org/stamp/stamp.jsp?arnumber=11316298,ieee_xplore_2026-02-19_06-02-26.csv,"Indoor localization using ultra- wideband (UWB) technology has received much attention due to its ability to provide decimeter accuracy and low-cost/low-power implementation. However, challenges such as non-line-of-sight (NLOS) propagation caused by ubiquitous obstacles, and syst..."
EXCLUDE,E_NOT_DOA,No DOA/AoA/array context in title/abstract.,An Improved Robust Misbehavior Detection Scheme for Vehicular Ad Hoc Network,2022,IEEE Access,10.1109/access.2022.3214838,,https://ieeexplore.ieee.org/stamp/stamp.jsp?arnumber=9919837,ieee_xplore_2026-02-19_06-02-26.csv,"Vehicular Ad Hoc Networks (VANETs) have emerged to improve road safety and traffic efficiency and provide passengers comfort. Most VANET applications rely on the cooperation among vehicles sharing their sensed information. However, misbehaving vehicles which send false informatio..."
INCLUDE,I_DOA_TRACK,Mentions DOA/AoA and tracking (Kalman/EKF/UKF/innovation).,Impact of carrier frequency offset and phase noise on the steering vector for 3D drone localization based on angle of arrival (AOA),2023,2023 16th International Conference on Signal Processing and Communication System (ICSPCS),10.1109/icspcs58109.2023.10261139,,https://ieeexplore.ieee.org/stamp/stamp.jsp?arnumber=10261139,ieee_xplore_2026-02-19_06-02-26.csv,"Recently, the issue of localizing GPS-denied drones has become a challenge that has attracted attention of researchers. This simulation study focuses on the impact of phase noise (PN) and Carrier Frequency Offset (CFO) on the steering vector of three-dimensional Angle of Arrival ..."
EXCLUDE,E_NOT_DOA,No DOA/AoA/array context in title/abstract.,Beam-based Device Positioning in mmWave 5G Systems under Orientation Uncertainties,2018,"2018 52nd Asilomar Conference on Signals, Systems, and Computers",10.1109/acssc.2018.8645340,,https://ieeexplore.ieee.org/stamp/stamp.jsp?arnumber=8645340,ieee_xplore_2026-02-19_06-02-26.csv,"High-accuracy positioning based on angles from multiple base-stations (BSs) requires precise knowledge of the BSs' orientation. Installation errors are bound to occur in practice, and any mismatch between the actual and assumed orientation of the BSs on a given coordinate system ..."
REVIEW,R_TRACK_ARRAY,Tracking terms with array/radar context; DOA not explicit.,Extending Reliability of mmWave Radar Tracking and Detection via Fusion With Camera,2019,IEEE Access,10.1109/access.2019.2942382,,https://ieeexplore.ieee.org/stamp/stamp.jsp?arnumber=8844649,ieee_xplore_2026-02-19_06-02-26.csv,"In this paper, a new radar-camera fusion system is presented. The fusion system takes into consideration the error bounds of the two different coordinate systems from the heterogeneous sensors, and further a new fusion-extended Kalman filter is utilized to adapt to the heterogene..."
EXCLUDE,E_NOT_DOA,No DOA/AoA/array context in title/abstract.,Synchronizing ADS-B Data with Bayesian Filters and Smoothers for Separation Distance Calculations,2025,"2025 Integrated Communications, Navigation and Surveillance Conference (ICNS)",10.1109/icns65417.2025.10976776,,https://ieeexplore.ieee.org/stamp/stamp.jsp?arnumber=10976776,ieee_xplore_2026-02-19_06-02-26.csv,"This paper investigates how the calculation of sepa-ration distances from ADS-B data received by a single receiver is affected by the asynchronously sent ADS-B data from different aircraft. Therefore, unsynchronized ADS-B data containing 838 arrivals and departures recorded over ..."
EXCLUDE,E_NOT_DOA,No DOA/AoA/array context in title/abstract.,Received Signal Strength Indicator-Based Recursive Set-Membership Localization With Unknown Transmit Power and Path Loss Exponent,2021,IEEE Sensors Journal,10.1109/jsen.2021.3118536,,https://ieeexplore.ieee.org/stamp/stamp.jsp?arnumber=9562485,ieee_xplore_2026-02-19_06-02-26.csv,"In most of the existing localization schemes based on received signal strength indicator (RSSI), the target location is calculated based on typical parameters and the statistical information of measurement noise is needed. This article addresses these problems of localization by ..."
REVIEW,R_DOA_ONLY,Mentions DOA/AoA but no explicit Kalman/tracking terms; review.,Real-time high resolution multichannel ISAR imaging system,2022,International Conference on Radar Systems (RADAR 2022),10.1049/icp.2022.2349,,https://ieeexplore.ieee.org/stamp/stamp.jsp?arnumber=10038935,ieee_xplore_2026-02-19_06-02-26.csv,The paper describes the results of an X-band ground-based frequency modulation continuous wave (FMCW) radar demonstrator development. The radar demonstrator has been designed as a multichannel system allowing for synchronous signal reception and direction of arrival (DoA) estimat...
INCLUDE,I_DOA_TRACK,Mentions DOA/AoA and tracking (Kalman/EKF/UKF/innovation).,Robust Localization of Mobile Robot in Reverberant Rooms Using Acoustic Beacons with Iterative Bayesian Filtering,2018,2018 International Conference on Indoor Positioning and Indoor Navigation (IPIN),10.1109/ipin.2018.8533824,,https://ieeexplore.ieee.org/stamp/stamp.jsp?arnumber=8533824,ieee_xplore_2026-02-19_06-02-26.csv,"A method of estimating location by acoustical signal and microphone array without the detection of direction-of-arrival is proposed. The proposed method consists of the following steps. First, acoustic beacons in the environment emit signals and the localizing target receives the..."
REVIEW,R_TRACK_ARRAY,Tracking terms with array/radar context; DOA not explicit.,Iterated Extended Kalman Filter Based Adaptive Beam Tracking for Millimeter-Wave Systems,2024,2024 IEEE/CIC International Conference on Communications in China (ICCC),10.1109/iccc62479.2024.10681923,,https://ieeexplore.ieee.org/stamp/stamp.jsp?arnumber=10681923,ieee_xplore_2026-02-19_06-02-26.csv,"In this paper, an adaptive beam tracking algorithm based on the Iterated Extended Kalman Filter (AT-IEKF) is proposed for millimeter wave communications. To achieve a balance between the accuracy of beam tracking and the tracking overhead, AT-IEKF dynamically adjusts the time int..."
EXCLUDE,E_NOT_DOA,No DOA/AoA/array context in title/abstract.,A Smartphone Application that Automatically Provides Arrival Time based on Estimation of Train on Board,2019,2019 Twelfth International Conference on Mobile Computing and Ubiquitous Network (ICMU),10.23919/icmu48249.2019.9006636,,https://ieeexplore.ieee.org/stamp/stamp.jsp?arnumber=9006636,ieee_xplore_2026-02-19_06-02-26.csv,"There are passengers who to ride on the train in a harry. They may not know the arrival time to the destination. Therefore, the arrival time of their target station is essential information for them. To acquire the information by using currently available application, it is neces..."
EXCLUDE,E_NOT_DOA,No DOA/AoA/array context in title/abstract.,Adaptive Vehicle Cooperative Positioning System With Uncertain GPS Visibility and Neural Network-based Improved Approach,2018,2018 IEEE/CIC International Conference on Communications in China (ICCC Workshops),10.1109/iccchinaw.2018.8674499,,https://ieeexplore.ieee.org/stamp/stamp.jsp?arnumber=8674499,ieee_xplore_2026-02-19_06-02-26.csv,"Position accuracy is a key factor to fulfill the requirements of several safety applications of vehicle networking, which will be a prospective application scenario for the Fifth Generation (5G) mobile communication system. In this paper, we present a cooperative localization sys..."
EXCLUDE,E_ARRAY_NO_DOA_TRACK,Array/radar terms but no DOA or tracking terms.,An Adaptive Beamforming Method Based on Klms Algorithm,2025,"2025 IEEE 14th International Conference on Communications, Circuits and Systems (ICCCAS)",10.1109/icccas65806.2025.11102597,,https://ieeexplore.ieee.org/stamp/stamp.jsp?arnumber=11102597,ieee_xplore_2026-02-19_06-02-26.csv,"In this paper, we present an adaptive beamforming method based on the kernel least mean square (KLMS) algorithm and its sparsification processing. The proposed method regresses the mapping from array signal to desired signal by applying the Least Mean Square (LMS) algorithm in a ..."
REVIEW,R_TRACK_ARRAY,Tracking terms with array/radar context; DOA not explicit.,Hand Gesture Recognition Based on Trajectories Features and Computation-Efficient Reused LSTM Network,2021,IEEE Sensors Journal,10.1109/jsen.2021.3079564,,https://ieeexplore.ieee.org/stamp/stamp.jsp?arnumber=9429229,ieee_xplore_2026-02-19_06-02-26.csv,"Touchless hand gesture recognition using radar sensor is considered to be an attractive and effective technique for human-machine interaction. In this paper, we propose a hand gesture recognition approach based-on range-Doppler-angle trajectories and a reused long short-term memo..."
REVIEW,R_TRACK_ARRAY,Tracking terms with array/radar context; DOA not explicit.,Real-Time Tracking of Multiple Acoustical Sources Utilising Rao-Blackwellised Particle Filtering,2021,2021 29th European Signal Processing Conference (EUSIPCO),10.23919/eusipco54536.2021.9616095,,https://ieeexplore.ieee.org/stamp/stamp.jsp?arnumber=9616095,ieee_xplore_2026-02-19_06-02-26.csv,"This paper proposes a system for localising and tracking multiple simultaneous acoustical sound sources in the spherical harmonic domain, intended as a precursor for developing parametric sound-field editors and spatial audio effects. The real-time system comprises a novel combin..."
REVIEW,R_TRACK_ARRAY,Tracking terms with array/radar context; DOA not explicit.,Tracking and Transmission Design in Terahertz V2I Networks,2023,IEEE Transactions on Wireless Communications,10.1109/twc.2022.3211647,,https://ieeexplore.ieee.org/stamp/stamp.jsp?arnumber=9916171,ieee_xplore_2026-02-19_06-02-26.csv,"This paper designs the vehicle tracking and resource allocation in the terahertz (THz) vehicle-to-infrastructure communications (V2I) networks, where roadside units (RSUs) equipped with leaky-wave antennas help to estimate the driving states of multiple vehicles and optimize the ..."
EXCLUDE,E_NOT_DOA,No DOA/AoA/array context in title/abstract.,Quasi-Coherent Phase-Based Localization and Tracking of Incoherently Transmitting Radio Beacons,2021,IEEE Access,10.1109/access.2021.3115563,,https://ieeexplore.ieee.org/stamp/stamp.jsp?arnumber=9548075,ieee_xplore_2026-02-19_06-02-26.csv,"The direct measurement of distance-dependent information between wireless units represents a challenge for wireless locating systems, because it requires the exact time synchronization of separate wireless units. To avoid these synchronization efforts, many wireless locating syst..."
EXCLUDE,E_NOT_DOA,No DOA/AoA/array context in title/abstract.,Kalman Filter based RFID tag velocity estimation in the presence of frequency hopping,2019,2019 IEEE International Conference on RFID Technology and Applications (RFID-TA),10.1109/rfid-ta.2019.8892213,,https://ieeexplore.ieee.org/stamp/stamp.jsp?arnumber=8892213,ieee_xplore_2026-02-19_06-02-26.csv,"This paper compares different techniques for estimating the velocity of UHF RFID tags within practical applications. We use COTS RFID equipment complying with ISO18000-6C standards, including the use of frequency hopping, to capture tag identification, phase angle and signal stre..."
EXCLUDE,E_NOT_DOA,No DOA/AoA/array context in title/abstract.,An IMM-PKF Method for Helicopter Tracking using Acoustic Arrays,2021,2021 4th International Conference on Information Communication and Signal Processing (ICICSP),10.1109/icicsp54369.2021.9611966,,https://ieeexplore.ieee.org/stamp/stamp.jsp?arnumber=9611966,ieee_xplore_2026-02-19_06-02-26.csv,This paper presents a tracking algorithm based on the interacting multiple model (IMM) algorithm and pseudo linear Kalman filter (PKF) in order to improve the performance of traditional methods in maneuvering target tracking. The IMM-PKF algorithm uses the constant velocity (CV) ...
EXCLUDE,E_NOT_DOA,No DOA/AoA/array context in title/abstract.,Two-Channel Extended Kalman Filtering with Intermittent Measurements,2024,2024 American Control Conference (ACC),10.23919/acc60939.2024.10644674,,https://ieeexplore.ieee.org/stamp/stamp.jsp?arnumber=10644674,ieee_xplore_2026-02-19_06-02-26.csv,"We consider two nonlinear state estimation prob-lems in a setting where an extended Kalman filter receives measurements from two sets of sensors via two channels (2C). In the stochastic-2C problem, the channels drop measurements stochastically, whereas in 2C scheduling, the estim..."
REVIEW,R_TRACK_ARRAY,Tracking terms with array/radar context; DOA not explicit.,The LOCATA Challenge Data Corpus for Acoustic Source Localization and Tracking,2018,2018 IEEE 10th Sensor Array and Multichannel Signal Processing Workshop (SAM),10.1109/sam.2018.8448644,,https://ieeexplore.ieee.org/stamp/stamp.jsp?arnumber=8448644,ieee_xplore_2026-02-19_06-02-26.csv,"Algorithms for acoustic source localization and tracking are essential for a wide range of applications such as personal assistants, smart homes, tele-conferencing systems, hearing aids, or autonomous systems. Numerous algorithms have been proposed for this purpose which, however..."
EXCLUDE,E_NOT_DOA,No DOA/AoA/array context in title/abstract.,A Multi-Node Cooperative Bearing-Only Target Passive Tracking Algorithm via UWSNs,2019,IEEE Sensors Journal,10.1109/jsen.2019.2931885,,https://ieeexplore.ieee.org/stamp/stamp.jsp?arnumber=8781811,ieee_xplore_2026-02-19_06-02-26.csv,"Underwater target passive tracking has ubiquitous applications in oceanic fields for both commercial and military purposes. The underwater wireless sensor networks (UWSNs) draw great interest and become promising tools for underwater target passive tracking. However, batteries pr..."
REVIEW,R_TRACK_ARRAY,Tracking terms with array/radar context; DOA not explicit.,Cooperative Method for Distributed Target Tracking for OFDM Radar With Fusion of Radar and Communication Information,2021,IEEE Sensors Journal,10.1109/jsen.2020.3033767,,https://ieeexplore.ieee.org/stamp/stamp.jsp?arnumber=9239392,ieee_xplore_2026-02-19_06-02-26.csv,Radar systems based on orthogonal ifrequency-division multiplexing (OFDM) are promising candidates for future intelligent transport networks because they combine target-estimation functions with communication network functions in one single system. By exploring this dual function...
EXCLUDE,E_NOT_DOA,No DOA/AoA/array context in title/abstract.,In-Body Bionanosensor Localization for Anomaly Detection via Inertial Positioning and THz Backscattering Communication,2022,IEEE Transactions on NanoBioscience,10.1109/tnb.2021.3123972,,https://ieeexplore.ieee.org/stamp/stamp.jsp?arnumber=9592801,ieee_xplore_2026-02-19_06-02-26.csv,"Nanotechnology is enabling the development of a new generation of devices which are able to sense, process and communicate, while being in the scale of tens to hundreds of cubic nanometers. Such small, imperceptible devices enhance not only current applications but enable entirel..."
EXCLUDE,E_NOT_DOA,No DOA/AoA/array context in title/abstract.,Audio–Visual Particle Flow SMC-PHD Filtering for Multi-Speaker Tracking,2020,IEEE Transactions on Multimedia,10.1109/tmm.2019.2937185,,https://ieeexplore.ieee.org/stamp/stamp.jsp?arnumber=8811627,ieee_xplore_2026-02-19_06-02-26.csv,"Sequential Monte Carlo probability hypothesis density (SMC-PHD) filtering is a popular method used recently for audio-visual (AV) multi-speaker tracking. However, due to the weight degeneracy problem, the posterior distribution can be represented poorly by the estimated probabili..."
EXCLUDE,E_NOT_DOA,No DOA/AoA/array context in title/abstract.,Fusion Positioning of Mobile Equipment in Underground Coal Mine Based on Redundant IMUs and UWB,2024,IEEE Transactions on Industrial Informatics,10.1109/tii.2023.3342427,,https://ieeexplore.ieee.org/stamp/stamp.jsp?arnumber=10374435,ieee_xplore_2026-02-19_06-02-26.csv,"Current positioning methods for indoor or outdoor robots show poor applicability and limited performance for underground mobile equipment with complex scene interference, such as narrow roadways, heavy dust, and poor illumination. Therefore, a fusion positioning framework is prop..."
EXCLUDE,E_NOT_DOA,No DOA/AoA/array context in title/abstract.,Evaluation of 2D Localization Performance in Wheeled Robots Based on the Fusion of Odometry and Absolute Positioning Systems,2025,2025 IEEE 19th International Symposium on Applied Computational Intelligence and Informatics (SACI),10.1109/saci66288.2025.11030185,,https://ieeexplore.ieee.org/stamp/stamp.jsp?arnumber=11030185,ieee_xplore_2026-02-19_06-02-26.csv,"Accurate localization is essential for wheeled robots in structured environments. This study evaluates the performance of an EKF-based sensor fusion approach that combines odometry with an Absolute Positioning System (APS) under different configurations, analyzing how APS setup v..."
EXCLUDE,E_NOT_DOA,No DOA/AoA/array context in title/abstract.,Precise Indoor Positioning Based on Acoustic Ranging in Smartphone,2021,IEEE Transactions on Instrumentation and Measurement,10.1109/tim.2021.3082269,,https://ieeexplore.ieee.org/stamp/stamp.jsp?arnumber=9439310,ieee_xplore_2026-02-19_06-02-26.csv,"Existing indoor positioning systems based on Wi-Fi or Bluetooth confront difficulties and problems, such as low positioning accuracy, unstable, and small-signal coverage. A system using an acoustic ranging signal is presented in this article, and it is available for almost all co..."
REVIEW,R_TRACK_ARRAY,Tracking terms with array/radar context; DOA not explicit.,V2I-aided Tracking Design,2022,ICC 2022 - IEEE International Conference on Communications,10.1109/icc45855.2022.9838984,,https://ieeexplore.ieee.org/stamp/stamp.jsp?arnumber=9838984,ieee_xplore_2026-02-19_06-02-26.csv,"In this paper, we design the vehicle tracking in the terahertz (THz) vehicle-to-infrastructure (V2I) networks, where roadside units (RSUs) equipped with leaky-wave antennas help to estimate the driving states of multiple vehicles after receiving the vehicles’ feedback. Different ..."
REVIEW,R_TRACK_ARRAY,Tracking terms with array/radar context; DOA not explicit.,High-Efficiency Device Positioning and Location-Aware Communications in Dense 5G Networks,2017,IEEE Communications Magazine,10.1109/mcom.2017.1600655,,https://ieeexplore.ieee.org/stamp/stamp.jsp?arnumber=7984759,ieee_xplore_2026-02-19_06-02-26.csv,"In this article, the prospects and enabling technologies for high-efficiency device positioning and location-aware communications in emerging 5G networks are reviewed. We will first describe some key technical enablers and demonstrate by means of realistic ray-tracing and map bas..."
REVIEW,R_TRACK_ARRAY,Tracking terms with array/radar context; DOA not explicit.,Q-Learning-Based Low Complexity Beam Tracking for mmWave Beamforming System,2020,2020 International Conference on Information and Communication Technology Convergence (ICTC),10.1109/ictc49870.2020.9289600,,https://ieeexplore.ieee.org/stamp/stamp.jsp?arnumber=9289600,ieee_xplore_2026-02-19_06-02-26.csv,"The millimeter wave (mmWave) communication systems suffer from high path loss due to strong absorption in the air. To overcome this, accurate beam steering angle information is prerequisite for beamforming technique. Further, considering mobile environments, tracking of time-vary..."
REVIEW,R_TRACK_ARRAY,Tracking terms with array/radar context; DOA not explicit.,Comparison of Contemporary Constant Modulus Algorithms for Blind Beamforming Application,2020,"2020 5th International Conference on Computing, Communication and Security (ICCCS)",10.1109/icccs49678.2020.9277132,,https://ieeexplore.ieee.org/stamp/stamp.jsp?arnumber=9277132,ieee_xplore_2026-02-19_06-02-26.csv,"In this paper, we compare the performance of recently obtained results of constant modulus algorithms such as Hybrid Recursive and Least Mean Square-based Constant Modulus Algorithm (RLS-LMS-CMA), Non-Negative Matrix Factorization based Unscented Kalman Filter Constant Modulus Al..."
EXCLUDE,E_NOT_DOA,No DOA/AoA/array context in title/abstract.,Target Localization in Industrial Environment based on TOA Ranging,2019,2019 28th Wireless and Optical Communications Conference (WOCC),10.1109/wocc.2019.8770570,,https://ieeexplore.ieee.org/stamp/stamp.jsp?arnumber=8770570,ieee_xplore_2026-02-19_06-02-26.csv,"In recent years, wireless positioning technology has penetrated into various fields of society. The GPS and Beidou Navigation Satellite System has done an excellent job in outdoor positioning, and the indoor positioning based on positioning technologies such as RFID, Wi-Fi and Bl..."
INCLUDE,I_DOA_TRACK,Mentions DOA/AoA and tracking (Kalman/EKF/UKF/innovation).,Carrier-to-Noise Ratio Improvement of 5G Signals via Beamforming for TOA-Based Opportunistic Navigation,2025,2025 IEEE Wireless Communications and Networking Conference (WCNC),10.1109/wcnc61545.2025.10978168,,https://ieeexplore.ieee.org/stamp/stamp.jsp?arnumber=10978168,ieee_xplore_2026-02-19_06-02-26.csv,"A method to improve the carrier-to-noise ratio $(C/N_{0})$ of received cellular fifth-generation (5G) signals via beamforming is developed. The developed method utilizes the direction-of-arrival (DOA) estimated from an antenna array, which is processed and fed to the receiver's t..."
EXCLUDE,E_NOT_DOA,No DOA/AoA/array context in title/abstract.,A Low-cost Localization System for Warehouse Inventory Management,2019,2019 International Conference on Electrical and Computing Technologies and Applications (ICECTA),10.1109/icecta48151.2019.8959774,,https://ieeexplore.ieee.org/stamp/stamp.jsp?arnumber=8959774,ieee_xplore_2026-02-19_06-02-26.csv,"With the increasing demand of e-commerce customers, fast picking and delivery services in a warehouse are required to meet their requirements. One way to facilitate the shipment of orders without incurring additional labor costs is to deploy warehouse robots for moving packages. ..."
REVIEW,R_TRACK_ARRAY,Tracking terms with array/radar context; DOA not explicit.,An IMU/Sonar-based Extended Kalman Filter for Mini-UAV Localization in Indoor Environment,2018,"2018 IEEE CSAA Guidance, Navigation and Control Conference (CGNCC)",10.1109/gncc42960.2018.9018955,,https://ieeexplore.ieee.org/stamp/stamp.jsp?arnumber=9018955,ieee_xplore_2026-02-19_06-02-26.csv,"Micro Aerial Vehicles (MAV) have been seen rapid progress in the indoor entertaining, security monitoring, as well as search and rescue activities. The indoor localization with lightweight sensors in a Global Positioning System (GPS-denied) environment is a challenging topic for ..."
EXCLUDE,E_NOT_DOA,No DOA/AoA/array context in title/abstract.,Velocity estimation for UAVs using ultra wide-band system,2021,2021 International Conference on Unmanned Aircraft Systems (ICUAS),10.1109/icuas51884.2021.9476831,,https://ieeexplore.ieee.org/stamp/stamp.jsp?arnumber=9476831,ieee_xplore_2026-02-19_06-02-26.csv,"In this paper, a 3D velocity estimation solution based on ultra wide-band (UWB) signals is developed for navigation of unmanned aerial vehicles (UAVs) in indoor spaces. The solution incorporates two consecutive gradient descent optimizations for position and velocity estimation, ..."
EXCLUDE,E_NOT_DOA,No DOA/AoA/array context in title/abstract.,Underwater Target Motion Analysis using Product Beamformer and Bearing Match in Simulated Space,2021,"2021 IEEE 4th International Conference on Computing, Power and Communication Technologies (GUCON)",10.1109/gucon50781.2021.9573608,,https://ieeexplore.ieee.org/stamp/stamp.jsp?arnumber=9573608,ieee_xplore_2026-02-19_06-02-26.csv,"Target Maneuvers Analysis (TMA) is an indispensable part of the modern antisubmarine warfare system. A lot of research has gone into various passive TMA techniques. Some of these are batch processing methods, whereas many are iterative. Most iterative methods based on the Bayesia..."
EXCLUDE,E_NOT_DOA,No DOA/AoA/array context in title/abstract.,"All Source Positioning, Navigation and Timing",2020,"All Source Positioning, Navigation and Timing",,,https://ieeexplore.ieee.org/xpl/ebooks/bookPdfWithBanner.jsp?fileName=9321440.pdf&bkn=9321440&pdfType=book,ieee_xplore_2026-02-19_06-02-26.csv,"This is the first book on the topic of all source positioning, navigation and timing (PNT) and how to solve the problem of PNT when the most widely-used measurement source available today, the GPS system, may be come unavailable, jammed or spoofed. Readers learn how to define the..."
REVIEW,R_TRACK_ARRAY,Tracking terms with array/radar context; DOA not explicit.,Continuous-Discrete Analog Beam Tracking for Large-Scale MIMO Systems,2022,"2022 56th Asilomar Conference on Signals, Systems, and Computers",10.1109/ieeeconf56349.2022.10051967,,https://ieeexplore.ieee.org/stamp/stamp.jsp?arnumber=10051967,ieee_xplore_2026-02-19_06-02-26.csv,Millimeter-wave transceivers use large antenna arrays to form high-directional beams and overcome severe attenuation. A large array size leads to a costly initial beam alignment process if no prior information about beam directions is available. To eliminate the overhead associat...
REVIEW,R_DOA_ONLY,Mentions DOA/AoA but no explicit Kalman/tracking terms; review.,"A Cooperative Positioning Method of Connected and Automated Vehicles with Fusion of Data Information of Direction-of-Arrival, Relative Distance and Vehicles Speed",2025,"2025 3rd International Conference on Mechatronics, Control and Robotics (ICMCR)",10.1109/icmcr64890.2025.10963299,,https://ieeexplore.ieee.org/stamp/stamp.jsp?arnumber=10963299,ieee_xplore_2026-02-19_06-02-26.csv,"This study explores the potential of cellular-vehicle-to-everything (C-V2X) wireless communications in enhancing AV localization in GNSS-deprived scenarios. Specifically, we propose CV2X-LOCA, a novel unit (RSU)-assisted cooperative localization substructure utilizing only C-V2X ..."
REVIEW,R_TRACK_ARRAY,Tracking terms with array/radar context; DOA not explicit.,Widely linear UKF constant modulus algorithm for blind adaptive beamforming,2017,Journal of Systems Engineering and Electronics,10.21629/jsee.2017.03.01,,https://ieeexplore.ieee.org/stamp/stamp.jsp?arnumber=7978014,ieee_xplore_2026-02-19_06-02-26.csv,"Based on a uniform linear array, a new widely linear unscented Kalman filter-based constant modulus algorithm (WLUKF-CMA) for blind adaptive beamforming is proposed. The new algorithm is designed according to the constant modulus criterion and takes full advantage of the noncircu..."
EXCLUDE,E_NOT_DOA,No DOA/AoA/array context in title/abstract.,A Low Complexity Indoor Visible Light Positioning Method,2021,IEEE Access,10.1109/access.2021.3072348,,https://ieeexplore.ieee.org/stamp/stamp.jsp?arnumber=9399444,ieee_xplore_2026-02-19_06-02-26.csv,"The continuous positioning of a mobile user equipment (MU) in a prompt way is a fundamental requirement in several indoor applications related to ubiquitous computation, assisted living environments, and security/surveillance systems. Motivated by this fact, the current contribut..."
EXCLUDE,E_NOT_DOA,No DOA/AoA/array context in title/abstract.,Moving horizon estimation based on the constrained nonlinear gradient descent method*,2025,2025 Joint International Conference on Automation-Intelligence-Safety (ICAIS) & International Symposium on Autonomous Systems (ISAS),10.1109/icaisisas64483.2025.11051589,,https://ieeexplore.ieee.org/stamp/stamp.jsp?arnumber=11051589,ieee_xplore_2026-02-19_06-02-26.csv,"This paper proposes a constrained nonlinear gradient descent (NGD) algorithm specifically designed for moving horizon estimation (MHE) in discrete-time nonlinear systems. In the first step, the original MHE formulation is simplified by removing the process and measurement noise f..."
EXCLUDE,E_NOT_DOA,No DOA/AoA/array context in title/abstract.,Radio SLAM: A Review on Radio-Based Simultaneous Localization and Mapping,2023,IEEE Access,10.1109/access.2023.3237330,,https://ieeexplore.ieee.org/stamp/stamp.jsp?arnumber=10018231,ieee_xplore_2026-02-19_06-02-26.csv,Simultaneous localization and mapping (SLAM) algorithm has enabled the automation of mobile robots in unknown environments. It enables the robot to navigate through an unknown trajectory by employing sensors that provide measurements to infer the surrounding environment and use t...
INCLUDE,I_DOA_TRACK,Mentions DOA/AoA and tracking (Kalman/EKF/UKF/innovation).,Gridless Compressed Sensing Based Channel Estimation for UAV Wideband Communications With Beam Squint,2021,IEEE Transactions on Vehicular Technology,10.1109/tvt.2021.3103153,,https://ieeexplore.ieee.org/stamp/stamp.jsp?arnumber=9513592,ieee_xplore_2026-02-19_06-02-26.csv,"Unmanned aerial vehicle (UAV) has become an appealing solution for a wide range of commercial and civilian applications thanks to its high mobility and flexible deployment. Due to the continuous UAV navigation, the channels between UAV based arial base station (BS) and the ground..."
EXCLUDE,E_NOT_DOA,No DOA/AoA/array context in title/abstract.,A SLAM algorithm based on range and bearing estimation of passive UHF-RFID tags,2021,2021 IEEE International Conference on RFID Technology and Applications (RFID-TA),10.1109/rfid-ta53372.2021.9617420,,https://ieeexplore.ieee.org/stamp/stamp.jsp?arnumber=9617420,ieee_xplore_2026-02-19_06-02-26.csv,"In this paper we propose a Simultaneous Localization and Mapping (SLAM) algorithm for a mobile robot measuring the phase of the signal backscattered by a set of passive UHF-RFID tags, deployed in unknown position on the ceiling of the environment. The solution is based on a two l..."
EXCLUDE,E_NOT_DOA,No DOA/AoA/array context in title/abstract.,A Variational EM Algorithm for the Separation of Time-Varying Convolutive Audio Mixtures,2016,"IEEE/ACM Transactions on Audio, Speech, and Language Processing",10.1109/taslp.2016.2554286,,https://ieeexplore.ieee.org/stamp/stamp.jsp?arnumber=7452576,ieee_xplore_2026-02-19_06-02-26.csv,This paper addresses the problem of separating audio sources from time-varying convolutive mixtures. We propose a probabilistic framework based on the local complex-Gaussian model combined with non-negative matrix factorization. The time-varying mixing filters are modeled by a co...
INCLUDE,I_DOA_TRACK,Mentions DOA/AoA and tracking (Kalman/EKF/UKF/innovation).,Variational Mobility Oriented Channel Tracking for Three-Dimensional Millimeter Wave Massive MIMO System,2018,"2018 IEEE 29th Annual International Symposium on Personal, Indoor and Mobile Radio Communications (PIMRC)",10.1109/pimrc.2018.8580700,,https://ieeexplore.ieee.org/stamp/stamp.jsp?arnumber=8580700,ieee_xplore_2026-02-19_06-02-26.csv,"Channel tracking has been a promising technology to sustain the directional link in the millimeter wave (mmWave) communication. However, the complex dynamic environment alters the movement of the mobile station (MS) and increases the inaccuracy of tracking. To tackle this issue, ..."
EXCLUDE,E_NOT_DOA,No DOA/AoA/array context in title/abstract.,Development of Wearable Hearing-Impaired Support Robot,2025,"2025 8th International Conference on Robotics, Control and Automation Engineering (RCAE)",10.1109/rcae66389.2025.11355248,,https://ieeexplore.ieee.org/stamp/stamp.jsp?arnumber=11355248,ieee_xplore_2026-02-19_06-02-26.csv,"Instead of hearing assistance dog, a wearable hearing-impaired support robot is developed to help hearing impaired people understand sound environment. The robot is embedded in a bag and a hat without drawing unnecessary attention so that the users can live normally in a life env..."
REVIEW,R_TRACK_ARRAY,Tracking terms with array/radar context; DOA not explicit.,Underwater Source Localization via Spectral Element Acoustic Field Estimation,2023,IEEE Sensors Journal,10.1109/jsen.2023.3318854,,https://ieeexplore.ieee.org/stamp/stamp.jsp?arnumber=10268323,ieee_xplore_2026-02-19_06-02-26.csv,"Underwater source localization (USL) from a passive array of acoustic sensors is a challenging problem, especially in complex environments characterized by multipath and reverberation effects, irregular seabed geometry, and low signal-to-noise ratio (SNR). This article proposes a..."
EXCLUDE,E_NOT_DOA,No DOA/AoA/array context in title/abstract.,Real-time localization and visualization of a sound source for virtual reality applications,2017,"2017 25th International Conference on Software, Telecommunications and Computer Networks (SoftCOM)",10.23919/softcom.2017.8115577,,https://ieeexplore.ieee.org/stamp/stamp.jsp?arnumber=8115577,ieee_xplore_2026-02-19_06-02-26.csv,"In this paper, we present our findings related to the problem of localization and visualization of a sound source placed in the same room as the listener. This is a part of a larger research effort devoted to studying the effects of synesthesia - the act of experiencing one sense..."
INCLUDE,I_DOA_TRACK,Mentions DOA/AoA and tracking (Kalman/EKF/UKF/innovation).,Cognitive MIMO Radar Beamforming for Target Tracking Using a BCRB-based Criterion,2025,"ICASSP 2025 - 2025 IEEE International Conference on Acoustics, Speech and Signal Processing (ICASSP)",10.1109/icassp49660.2025.10890572,,https://ieeexplore.ieee.org/stamp/stamp.jsp?arnumber=10890572,ieee_xplore_2026-02-19_06-02-26.csv,This paper proposes a cognitive beamforming method for target tracking using multiple-input multiple-output (MIMO) radar. This method minimizes a Bayesian performance criterion on direction-of-arrival (DOA) estimation error with respect to the transmit signal auto-correlation mat...
INCLUDE,I_DOA_TRACK,Mentions DOA/AoA and tracking (Kalman/EKF/UKF/innovation).,Beam Tracking Assisted High Mobility V2I Communications With Extremely Large Lens Antenna Array,2024,IEEE Transactions on Vehicular Technology,10.1109/tvt.2023.3342159,,https://ieeexplore.ieee.org/stamp/stamp.jsp?arnumber=10356727,ieee_xplore_2026-02-19_06-02-26.csv,"Vehicle-to-infrastructure (V2I) scenarios commonly demand both high-accuracy positioning and high-rate communication. In this study, we consider the base station equipped with an extremely large lens antenna array (ExLAA) that serves the vehicles located in the near field region...."
REVIEW,R_TRACK_ARRAY,Tracking terms with array/radar context; DOA not explicit.,Long Range Surveillance MIMO Radar at 24 GHz,2025,2025 IEEE 15th Annual Computing and Communication Workshop and Conference (CCWC),10.1109/ccwc62904.2025.10903947,,https://ieeexplore.ieee.org/stamp/stamp.jsp?arnumber=10903947,ieee_xplore_2026-02-19_06-02-26.csv,"Recently, radar-based detection and tracking at millimeter-wave frequencies have become increasingly popular. However, the performance of the radar systems operating at millimeter-wave frequencies has been mainly limited to short ranges which makes them unsuitable for many practi..."
REVIEW,R_TRACK_ARRAY,Tracking terms with array/radar context; DOA not explicit.,Multi-modal sensor fusion for indoor mobile robot pose estimation,2016,"2016 IEEE/ION Position, Location and Navigation Symposium (PLANS)",10.1109/plans.2016.7479745,,https://ieeexplore.ieee.org/stamp/stamp.jsp?arnumber=7479745,ieee_xplore_2026-02-19_06-02-26.csv,"While global navigation satellite systems (GNSS) are the state of the art for localization, in general they are unable to operate inside buildings, and there is currently no well-established solution for indoor localization. In this paper we propose a 3D mobile robot pose (2D pos..."
EXCLUDE,E_NOT_DOA,No DOA/AoA/array context in title/abstract.,A State-space Approach for Efficient Channel Tracking in Hybrid Analog/Digital MIMO Architectures,2021,2021 IEEE 93rd Vehicular Technology Conference (VTC2021-Spring),10.1109/vtc2021-spring51267.2021.9448891,,https://ieeexplore.ieee.org/stamp/stamp.jsp?arnumber=9448891,ieee_xplore_2026-02-19_06-02-26.csv,"In this paper we consider a multipath channel subject to variations in time due to the presence of a Doppler drift which imposes a phase rotation on the original channel impulse response. Accordingly, a decision-directed state-space approach based on the extended Kalman filter (E..."
EXCLUDE,E_NOT_DOA,No DOA/AoA/array context in title/abstract.,Insights Into Visible Light Positioning: Range Tracking and Bayesian Cramér-Rao Lower Bound Analysis,2024,IEEE Communications Letters,10.1109/lcomm.2024.3428440,,https://ieeexplore.ieee.org/stamp/stamp.jsp?arnumber=10597652,ieee_xplore_2026-02-19_06-02-26.csv,"Visible Light Communication (VLC) is increasingly seen as a promising solution for indoor ranging systems. This study investigates user range estimation from a light source in a single-input single-output (SISO) system, considering input-signal-dependent shot noise (ISDSN). We ap..."
EXCLUDE,E_ARRAY_NO_DOA_TRACK,Array/radar terms but no DOA or tracking terms.,Single-Source Aided Semi-Autonomous Passive Location for Correcting the Position of an Underwater Vehicle,2019,IEEE Sensors Journal,10.1109/jsen.2019.2892840,,https://ieeexplore.ieee.org/stamp/stamp.jsp?arnumber=8611200,ieee_xplore_2026-02-19_06-02-26.csv,"The accumulated positioning errors are required to be eliminated after a long run-up of an underwater vehicle equipped with an inertial navigation system (INS). For the better position accuracy with less cost, a single-source aided passive location method is proposed, which appli..."
REVIEW,R_TRACK_ARRAY,Tracking terms with array/radar context; DOA not explicit.,Time Varying Channel Tracking With Spatial and Temporal BEM for Massive MIMO Systems,2018,IEEE Transactions on Wireless Communications,10.1109/twc.2018.2848259,,https://ieeexplore.ieee.org/stamp/stamp.jsp?arnumber=8395281,ieee_xplore_2026-02-19_06-02-26.csv,"In this paper, we design a channel tracking method for massive multiple-input multiple-output systems under both time-varying and spatial-varying circumstances. By exploiting the characteristics of massive antenna array, a spatial-temporal basis expansion model is proposed to red..."
REVIEW,R_TRACK_ARRAY,Tracking terms with array/radar context; DOA not explicit.,Auto-Calibration of Automotive Radars in Operational Mode Using Simultaneous Localisation and Mapping,2021,IEEE Transactions on Vehicular Technology,10.1109/tvt.2021.3058778,,https://ieeexplore.ieee.org/stamp/stamp.jsp?arnumber=9353252,ieee_xplore_2026-02-19_06-02-26.csv,"This paper presents an analysis of a new method of automotive radar self-calibration which uses targets of opportunity. While conventional offline calibration of a phased array antenna requires accurate knowledge of the positions of calibration targets relative to the radar, such..."
REVIEW,R_TRACK_ARRAY,Tracking terms with array/radar context; DOA not explicit.,A Vessel Azimuth and Course Joint Re-Estimation Method for Compact HFSWR,2020,IEEE Transactions on Geoscience and Remote Sensing,10.1109/tgrs.2019.2943065,,https://ieeexplore.ieee.org/stamp/stamp.jsp?arnumber=8865662,ieee_xplore_2026-02-19_06-02-26.csv,"Small-aperture compact high-frequency surface wave radar (HFSWR) suffers from low azimuth accuracy for target detection due to its wide beamwidth. Multitarget tracking (MTT) algorithms, when applied to the raw target detection data of HFSWR, fail to effectively filter the target ..."
INCLUDE,I_DOA_TRACK,Mentions DOA/AoA and tracking (Kalman/EKF/UKF/innovation).,Channel Estimation in Wireless Communication,2025,2025 3rd International Conference on Smart Systems for applications in Electrical Sciences (ICSSES),10.1109/icsses64899.2025.11010001,,https://ieeexplore.ieee.org/stamp/stamp.jsp?arnumber=11010001,ieee_xplore_2026-02-19_06-02-26.csv,"Advanced channel estimation is crucial for improving the performance of 5G, 6G, and future communication systems. Techniques like Least Squares (LS) and Minimum Mean Square Error (MMSE) provide accurate estimations, validated through MATLAB simulations. OFDM enables high data rat..."
EXCLUDE,E_NOT_DOA,No DOA/AoA/array context in title/abstract.,Sparse Bayesian Learning for the Time-Varying Massive MIMO Channels: Acquisition and Tracking,2019,IEEE Transactions on Communications,10.1109/tcomm.2018.2855197,,https://ieeexplore.ieee.org/stamp/stamp.jsp?arnumber=8410591,ieee_xplore_2026-02-19_06-02-26.csv,"The low-rank property of the channel covariances can be adopted to reduce the overhead of the channel training in massive MIMO systems. In this paper, with the help of the virtual channel representation, we apply such property to both time-division duplex and frequency-division d..."
EXCLUDE,E_NOT_DOA,No DOA/AoA/array context in title/abstract.,Localization of Indoor Mobile Robot Using Minimum Variance Unbiased FIR Filter,2018,IEEE Transactions on Automation Science and Engineering,10.1109/tase.2016.2599864,,https://ieeexplore.ieee.org/stamp/stamp.jsp?arnumber=7563322,ieee_xplore_2026-02-19_06-02-26.csv,"The demand of indoor localization has recently grown quickly in industries. In general, a localization system is required to be reliable, fast, and have high accuracy. In this paper, the ultrawideband (UWB) technique is combined with the inertial navigation sensor (INS) to form a..."
EXCLUDE,E_NOT_DOA,No DOA/AoA/array context in title/abstract.,"Time-Varying Massive MIMO Channel Estimation: Capturing, Reconstruction, and Restoration",2019,IEEE Transactions on Communications,10.1109/tcomm.2019.2937516,,https://ieeexplore.ieee.org/stamp/stamp.jsp?arnumber=8813081,ieee_xplore_2026-02-19_06-02-26.csv,"To estimate time-varying MIMO channel at base station, traditional downlink (DL) channel restoration schemes usually require the reconstruction for the covariance of downlink process noise vector, which is dependent on DL channel covariance matrix (CCM). However, the acquisition ..."
EXCLUDE,E_NOT_DOA,No DOA/AoA/array context in title/abstract.,An Enhanced Pedestrian Dead Reckoning Aided With DTMB Signals,2022,IEEE Transactions on Broadcasting,10.1109/tbc.2022.3157475,,https://ieeexplore.ieee.org/stamp/stamp.jsp?arnumber=9736398,ieee_xplore_2026-02-19_06-02-26.csv,"Pedestrian Dead Reckoning (PDR) is a good alternative positioning method in Global Navigation Satellite Systems (GNSS)-challenged environments. It has the advantage in terms of infrastructure-independent, while the disadvantage is that, the estimated errors grow rapidly with time..."
EXCLUDE,E_NOT_DOA,No DOA/AoA/array context in title/abstract.,Real-Time Underwater Positioning and Navigation of an AUV in Deep Waters,2018,2018 OCEANS - MTS/IEEE Kobe Techno-Oceans (OTO),10.1109/oceanskobe.2018.8558876,,https://ieeexplore.ieee.org/stamp/stamp.jsp?arnumber=8558876,ieee_xplore_2026-02-19_06-02-26.csv,"Due to the absence of GPS, navigation of autonomous vehicles underwater requires the integration of various measurements to provide the best location estimate. Usually in littoral waters, adequate navigational accuracy may be obtained by integrating odometry measurements provided..."
EXCLUDE,E_NOT_DOA,No DOA/AoA/array context in title/abstract.,Distributed adaptive beam nulling to mitigate jamming in 3D UAV mesh networks,2017,"2017 International Conference on Computing, Networking and Communications (ICNC)",10.1109/iccnc.2017.7876113,,https://ieeexplore.ieee.org/stamp/stamp.jsp?arnumber=7876113,ieee_xplore_2026-02-19_06-02-26.csv,"With the advancement of unmanned aerial vehicles (UAV), 3D wireless mesh networks will play a crucial role in next generation mission critical wireless networks. Along with providing coverage over difficult terrain, it provides better spectral utilization through 3D spatial reuse..."
REVIEW,R_TRACK_ARRAY,Tracking terms with array/radar context; DOA not explicit.,An Alternating Bayesian Approach to PARAFAC Decomposition of Tensors,2018,IEEE Access,10.1109/access.2018.2853152,,https://ieeexplore.ieee.org/stamp/stamp.jsp?arnumber=8404034,ieee_xplore_2026-02-19_06-02-26.csv,"The PARAllel FACtor (PARAFAC) decomposition is known as one of the most commonly used tools in tensor signal/data processing. Unfortunately, its classical algorithms barely take the potential statistical and/or deterministic prior information of the decomposed tensor into conside..."
INCLUDE,I_DOA_TRACK,Mentions DOA/AoA and tracking (Kalman/EKF/UKF/innovation).,Centralized Fusion of Radar and IRST on an Aircraft,2024,2024 Tenth Indian Control Conference (ICC),10.1109/icc64753.2024.10883678,,https://ieeexplore.ieee.org/stamp/stamp.jsp?arnumber=10883678,ieee_xplore_2026-02-19_06-02-26.csv,"This paper presents a centralized sensor fusion approach for radar and an infrared search and track (IRST) system mounted on an aircraft. The target motion is modelled in relative kinematics with radar measuring range, azimuth and elevation while IRST measures only target line of..."
REVIEW,R_DOA_ONLY,Mentions DOA/AoA but no explicit Kalman/tracking terms; review.,Deep Learning-Aided Spatial Discrimination for Multipath Mitigation,2020,"2020 IEEE/ION Position, Location and Navigation Symposium (PLANS)",10.1109/plans46316.2020.9109935,,https://ieeexplore.ieee.org/stamp/stamp.jsp?arnumber=9109935,ieee_xplore_2026-02-19_06-02-26.csv,"A deep learning-aided spatial discriminator for multipath mitigation is developed. The proposed system compensates for the limitations of conventional beamforming approaches, especially at the stages of: prefiltering, model order estimation (MOE), and direction-of-arrival (DOA) e..."
REVIEW,R_TRACK_ARRAY,Tracking terms with array/radar context; DOA not explicit.,Beam-Switching-Based Time-of-Arrival Ranging on Commercial 5G NR Signals for Outdoor Positioning,2026,IEEE Transactions on Wireless Communications,10.1109/twc.2025.3601793,,https://ieeexplore.ieee.org/stamp/stamp.jsp?arnumber=11145281,ieee_xplore_2026-02-19_06-02-26.csv,The widespread adoption of 5G wireless communication devices has significantly increased the demand for precise 5G-based positioning services. This study presents a beam-switching time-of-arrival (TOA) ranging technique that leverages commercial 5G new radio (NR) signals and chan...
EXCLUDE,E_ARRAY_NO_DOA_TRACK,Array/radar terms but no DOA or tracking terms.,Underwater Target Motion Analysis with Dynamic Sensor Selection in Multi-Sensor Environment,2023,2023 2nd International Conference on Mechatronics and Electrical Engineering (MEEE),10.1109/meee57080.2023.10126794,,https://ieeexplore.ieee.org/stamp/stamp.jsp?arnumber=10126794,ieee_xplore_2026-02-19_06-02-26.csv,The objective of our work is to track an underwater target moving in 3D space using a multi-sensor network of passive sonobuoys spread over the sea surface. All the buoys are equipped with passive SONAR that measures the bearing and elevation angles of the target. The tracker is ...
INCLUDE,I_DOA_TRACK,Mentions DOA/AoA and tracking (Kalman/EKF/UKF/innovation).,MAP-Based Bearings-Only Tracking at Low SNR,2025,OCEANS 2025 Brest,10.1109/oceans58557.2025.11104501,,https://ieeexplore.ieee.org/stamp/stamp.jsp?arnumber=11104501,ieee_xplore_2026-02-19_06-02-26.csv,"Bearings-only target tracking using raw acoustic data typically achieves better tracking performance at lower signal-to-noise ratios (SNR) compared to approaches that rely on direction-of-arrival (DOA) preprocessing. However, using raw data directly as observations renders standa..."
EXCLUDE,E_NOT_DOA,No DOA/AoA/array context in title/abstract.,Model-Driven Deep Learning Assisted Beam Tracking for Millimeter-Wave Systems,2022,IEEE Communications Letters,10.1109/lcomm.2022.3193120,,https://ieeexplore.ieee.org/stamp/stamp.jsp?arnumber=9837045,ieee_xplore_2026-02-19_06-02-26.csv,"Millimeter-wave (mmWave) systems employ directional beams to provide high-speed data communication, which demands continuous tracking of the beam direction. Currently, the technology based on Kalman filter and/or channel sparsity is considered for beam tracking, and its solutions..."
EXCLUDE,E_NOT_DOA,No DOA/AoA/array context in title/abstract.,Accurate Indoor Location Tracking Exploiting Ultrasonic Reflections,2016,IEEE Sensors Journal,10.1109/jsen.2016.2617398,,https://ieeexplore.ieee.org/stamp/stamp.jsp?arnumber=7590064,ieee_xplore_2026-02-19_06-02-26.csv,"Time difference of arrivals) (TDoA)-based location tracking systems using RF and ultrasonic signals often give unacceptable errors due to the line-of-sight limitation of the ultrasonic signal. To overcome this limitation, many researchers have devoted their efforts using various ..."
REVIEW,R_TRACK_ARRAY,Tracking terms with array/radar context; DOA not explicit.,Attitude-Based User Terminal Beam Pointing Using Downlink Data Bursts From Broadband Satellites,2025,IEEE Communications Letters,10.1109/lcomm.2025.3579717,,https://ieeexplore.ieee.org/stamp/stamp.jsp?arnumber=11036154,ieee_xplore_2026-02-19_06-02-26.csv,"In satellite communications, beam pointing is fundamental for the user terminal to perform stable communications with passing satellites. The traditional energy-based user terminal beam pointing method tracks the energy of received signals, which requires the received signal to h..."
EXCLUDE,E_NOT_DOA,No DOA/AoA/array context in title/abstract.,Channel Tracking With Flight Control System for UAV mmWave MIMO Communications,2018,IEEE Communications Letters,10.1109/lcomm.2018.2824800,,https://ieeexplore.ieee.org/stamp/stamp.jsp?arnumber=8334304,ieee_xplore_2026-02-19_06-02-26.csv,"Unmanned aerial vehicle (UAV) communications could offer flexible scheduling, improved reliability, enhanced capacity over much wider range, and has become a key part of the space-air-ground integrated network. In this letter, we consider a communication system in millimeter wave..."
EXCLUDE,E_NOT_DOA,No DOA/AoA/array context in title/abstract.,Integrating Communications and Control for UAV Systems: Opportunities and Challenges,2018,IEEE Access,10.1109/access.2018.2879637,,https://ieeexplore.ieee.org/stamp/stamp.jsp?arnumber=8528342,ieee_xplore_2026-02-19_06-02-26.csv,"Unmanned aerial vehicle (UAV) communications play an important role in building the space-air-ground network and realizing the seamless wide-area coverage thanks to its long-range connectivity, high maneuverability, flexible deployment, and low latency. Different from the traditi..."
REVIEW,R_TRACK_ARRAY,Tracking terms with array/radar context; DOA not explicit.,Sequential Multi-Sensor JPDA for Target Tracking in Passive Multi-Static Radar With Range and Doppler Measurements,2019,IEEE Access,10.1109/access.2019.2905265,,https://ieeexplore.ieee.org/stamp/stamp.jsp?arnumber=8667818,ieee_xplore_2026-02-19_06-02-26.csv,"Target tracking in passive multi-static radar (PMSR) with bistatic range and Doppler frequency measurements from multiple transmit-receive pairs is gaining increasing interest. For the data association problem in this scenario, the parallel architecture of a multi-sensor joint pr..."
REVIEW,R_TRACK_ARRAY,Tracking terms with array/radar context; DOA not explicit.,Underwater acoustic source localization using a multi-robot system: the DAMPS project,2021,2021 International Workshop on Metrology for the Sea; Learning to Measure Sea Health Parameters (MetroSea),10.1109/metrosea52177.2021.9611595,,https://ieeexplore.ieee.org/stamp/stamp.jsp?arnumber=9611595,ieee_xplore_2026-02-19_06-02-26.csv,"This paper presents the funded project DAMPS, that addresses the development of a multi-robot system for the position tracking of noise sources in underwater environment. The robots composing the team collaborate in order to fuse the local information coming from the analysis of ..."
EXCLUDE,E_ARRAY_NO_DOA_TRACK,Array/radar terms but no DOA or tracking terms.,Feasibility Evaluation for Keyword Spotting System Using Mini Microphone Array on UAV,2019,IGARSS 2019 - 2019 IEEE International Geoscience and Remote Sensing Symposium,10.1109/igarss.2019.8899304,,https://ieeexplore.ieee.org/stamp/stamp.jsp?arnumber=8899304,ieee_xplore_2026-02-19_06-02-26.csv,"This paper evaluates the use of mini microphone array, Re-Speaker Core V2.0 for keyword spotting system in the Unmanned Aerial Vehicle (UAV) that is used for disaster management task. We do the recording experiment by simulating help call in a various situation and assess the per..."
EXCLUDE,E_NOT_DOA,No DOA/AoA/array context in title/abstract.,Brief Review of GNSS spoofing and anti-spoofing technology,2021,"2021 International Conference on Sensing, Measurement & Data Analytics in the era of Artificial Intelligence (ICSMD)",10.1109/icsmd53520.2021.9670759,,https://ieeexplore.ieee.org/stamp/stamp.jsp?arnumber=9670759,ieee_xplore_2026-02-19_06-02-26.csv,"Spoofing is an emerging threat to all GNSS receivers. It is an intentional deliberate attack aiming to trick receivers into tracking false signals and generating designed navigation solutions, such an attack is hardly noticed if it is committed by a sophisticated spoofer. Recentl..."
EXCLUDE,E_ARRAY_NO_DOA_TRACK,Array/radar terms but no DOA or tracking terms.,Accurate Position and Attitude Determination in a Severe Multipath Environment Using an Uncalibrated Multi-Antenna-System,2020,"2020 IEEE/ION Position, Location and Navigation Symposium (PLANS)",10.1109/plans46316.2020.9110151,,https://ieeexplore.ieee.org/stamp/stamp.jsp?arnumber=9110151,ieee_xplore_2026-02-19_06-02-26.csv,"A novel proposal is made for the accurate determination of position and antenna attitude of a multi-antenna GNSS receiver in a multipath environment. In contrast to previous work no calibration of the gain and phase mismatches and crosstalk effects, that occur in the RF-Frontend,..."
EXCLUDE,E_NOT_DOA,No DOA/AoA/array context in title/abstract.,Passive Ranging with a Team of Aircraft using Angle Only Tracks,2023,2023 Ninth Indian Control Conference (ICC),10.1109/icc61519.2023.10442050,,https://ieeexplore.ieee.org/stamp/stamp.jsp?arnumber=10442050,ieee_xplore_2026-02-19_06-02-26.csv,"This paper presents a passive-ranging algorithm with a team of aircraft operating with infrared search and track (IRST) systems. The angle-only track output from each aircraft is shared across other aircraft, and the passive ranging algorithm is developed. A nonlinear least squar..."
EXCLUDE,E_NOT_DOA,No DOA/AoA/array context in title/abstract.,Cooperative Audio-Visual System for Localizing Small Aerial Robots,2019,2019 IEEE/RSJ International Conference on Intelligent Robots and Systems (IROS),10.1109/iros40897.2019.8968075,,https://ieeexplore.ieee.org/stamp/stamp.jsp?arnumber=8968075,ieee_xplore_2026-02-19_06-02-26.csv,"Employing small size aerial robots, acting as mobile airborne sensors, to work alongside ground robots can be extremely useful in many different robotic missions. Due to the strict constraints in terms of size, weight, 3D coverage, processing power and power consumption. There ar..."
REVIEW,R_TRACK_ARRAY,Tracking terms with array/radar context; DOA not explicit.,Distributed Clustering and Tracking Algorithm for Trustworthy MIMO Radars,2025,IEEE Transactions on Radar Systems,10.1109/trs.2025.3597792,,https://ieeexplore.ieee.org/stamp/stamp.jsp?arnumber=11122511,ieee_xplore_2026-02-19_06-02-26.csv,"As radars are being increasingly used in autonomous driving, it is important to ensure that the results delivered by the radar sensors are trustworthy. Clustering and tracking of targets is part of the signal processing in such radar systems. Widely used system-on-chip (SoC) rada..."
REVIEW,R_TRACK_ARRAY,Tracking terms with array/radar context; DOA not explicit.,3D audio-visual speaker tracking with an adaptive particle filter,2017,"2017 IEEE International Conference on Acoustics, Speech and Signal Processing (ICASSP)",10.1109/icassp.2017.7952686,,https://ieeexplore.ieee.org/stamp/stamp.jsp?arnumber=7952686,ieee_xplore_2026-02-19_06-02-26.csv,We propose an audio-visual fusion algorithm for 3D speaker tracking from a localised multi-modal sensor platform composed of a camera and a small microphone array. After extracting audio-visual cues from individual modalities we fuse them adaptively using their reliability in a p...
REVIEW,R_TRACK_ARRAY,Tracking terms with array/radar context; DOA not explicit.,A Beam Steerable Speaker Tracking-based First-order Differential Microphone Array,2023,2023 21st IEEE Interregional NEWCAS Conference (NEWCAS),10.1109/newcas57931.2023.10198069,,https://ieeexplore.ieee.org/stamp/stamp.jsp?arnumber=10198069,ieee_xplore_2026-02-19_06-02-26.csv,"Reducing the effect of directional interference and noise added to speech signals, can be accomplished using a robust system in a form of microphone arrays. In this paper, we propose a first-order differential microphone array whose beam can be steered towards the desired speaker..."
EXCLUDE,E_ARRAY_NO_DOA_TRACK,Array/radar terms but no DOA or tracking terms.,LEAP: Location Estimation and Predictive Handover with Consumer-Grade mmWave Devices,2019,IEEE INFOCOM 2019 - IEEE Conference on Computer Communications,10.1109/infocom.2019.8737434,,https://ieeexplore.ieee.org/stamp/stamp.jsp?arnumber=8737434,ieee_xplore_2026-02-19_06-02-26.csv,"Future millimeter-wave networks will support very high densities of devices and access points. This vastly increases the overhead required for access point selection and beam training. Fortunately, the quasi-optical properties of millimeter-wave channels make location-based netwo..."
EXCLUDE,E_NOT_DOA,No DOA/AoA/array context in title/abstract.,Opportunities for autonomous UAV in harsh environments,2019,2019 16th International Symposium on Wireless Communication Systems (ISWCS),10.1109/iswcs.2019.8877114,,https://ieeexplore.ieee.org/stamp/stamp.jsp?arnumber=8877114,ieee_xplore_2026-02-19_06-02-26.csv,"This paper describes the challenges raised from the use of Unmanned Aerial Vehicles (UAVs) on the exploration of inhospitable places that present limitations and risks to humans; for instance, we describe the case of cave exploration. UAVs have emerged as an attractive alternativ..."
REVIEW,R_DOA_ONLY,Mentions DOA/AoA but no explicit Kalman/tracking terms; review.,Practical ESM Analysis,2019,Practical ESM Analysis,,,https://ieeexplore.ieee.org/xpl/ebooks/bookPdfWithBanner.jsp?fileName=9098770.pdf&bkn=9098770&pdfType=book,ieee_xplore_2026-02-19_06-02-26.csv,"Written by a prominent expert in the field, this authoritative resource considers radar parameters and how they affect ESM systems. It describes the ESM environment, including types of radar, pulse density, the latest radar developments and how they will be seen by ESM systems. D..."
REVIEW,R_TRACK_ARRAY,Tracking terms with array/radar context; DOA not explicit.,Implicit Extended Kalman Filter for Radar-Only 2D Odometry and Sensor-Vehicle Calibration,2025,2025 IEEE/SICE International Symposium on System Integration (SII),10.1109/sii59315.2025.10871091,,https://ieeexplore.ieee.org/stamp/stamp.jsp?arnumber=10871091,ieee_xplore_2026-02-19_06-02-26.csv,"Accurate and robust pose estimation is essential for any autonomous vehicle. While sensors like GNSS, LiDAR, and camera are widely used for state estimation, they admit weaknesses under challenging environments e.g. poor satellite signals, low light, or adverse weather. Recent 3D..."
INCLUDE,I_DOA_TRACK,Mentions DOA/AoA and tracking (Kalman/EKF/UKF/innovation).,Track-Before-Detect with Stereo Microphone Arrays,2025,"2025 14th International Conference on Control, Automation and Information Sciences (ICCAIS)",10.1109/iccais67508.2025.11262157,,https://ieeexplore.ieee.org/stamp/stamp.jsp?arnumber=11262157,ieee_xplore_2026-02-19_06-02-26.csv,"Situational awareness of autonomous vehicles in urban environments heavily relies on line-of-sight sensors such as cameras, lidar, and radar. However, these visual sensors may fail to detect targets when they are occluded. In contrast, audio signals have stronger penetration capa..."
EXCLUDE,E_ARRAY_NO_DOA_TRACK,Array/radar terms but no DOA or tracking terms.,Capacity and Coverage Analysis of High Altitude Platform (HAP) Antenna Arrays for Rural Vehicular Broadband Services,2020,2020 IEEE 91st Vehicular Technology Conference (VTC2020-Spring),10.1109/vtc2020-spring48590.2020.9129557,,https://ieeexplore.ieee.org/stamp/stamp.jsp?arnumber=9129557,ieee_xplore_2026-02-19_06-02-26.csv,"In this paper, the deployment of a High Altitude Platform (HAP) exploiting the mmWave bands to provide broadband infotainment services for vehicular users in rural areas, that, otherwise, would have little or no broadband connectivity is proposed. In this context, an investigatio..."
EXCLUDE,E_NOT_DOA,No DOA/AoA/array context in title/abstract.,UWB System Based UAV Swarm Testbed,2020,"2020 16th International Conference on Control, Automation, Robotics and Vision (ICARCV)",10.1109/icarcv50220.2020.9305401,,https://ieeexplore.ieee.org/stamp/stamp.jsp?arnumber=9305401,ieee_xplore_2026-02-19_06-02-26.csv,"Swarming of unmanned aerial vehicles (UAVs) has become a popular topic for its practicability in many scenarios. However an easy-to-use yet powerful swarm testbed is not widely available for most of the research labs globally. In this paper, a UAV swarm testbed is presented, whic..."
EXCLUDE,E_NOT_DOA,No DOA/AoA/array context in title/abstract.,A Reflective Surface Estimation Method Based on Multipath Utilization,2025,IEEE Transactions on Instrumentation and Measurement,10.1109/tim.2025.3541688,,https://ieeexplore.ieee.org/stamp/stamp.jsp?arnumber=10884942,ieee_xplore_2026-02-19_06-02-26.csv,"This article introduces a novel method for reflective surface estimation, leveraging the characteristics of electromagnetic (EM) wave multipath propagation. First, based on the reflective properties of EM waves, the theoretical foundation of the proposed method is established by ..."
REVIEW,R_TRACK_ARRAY,Tracking terms with array/radar context; DOA not explicit.,The Importance of Spatial and Spectral Information in Multiple Speaker Tracking,2025,"ICASSP 2025 - 2025 IEEE International Conference on Acoustics, Speech and Signal Processing (ICASSP)",10.1109/icassp49660.2025.10890536,,https://ieeexplore.ieee.org/stamp/stamp.jsp?arnumber=10890536,ieee_xplore_2026-02-19_06-02-26.csv,Multi-speaker localization and tracking using microphone array recording is of importance in a wide range of applications. One of the challenges with multi-speaker tracking is to associate direction estimates with the correct speaker. Most existing association approaches rely on ...
EXCLUDE,E_NOT_DOA,No DOA/AoA/array context in title/abstract.,GNSS Intentional Interference Mitigation via Average KF Innovation and Pseudo Track Updation,2020,2020 IEEE 17th India Council International Conference (INDICON),10.1109/indicon49873.2020.9342459,,https://ieeexplore.ieee.org/stamp/stamp.jsp?arnumber=9342459,ieee_xplore_2026-02-19_06-02-26.csv,"GNSS based navigation is vulnerable to intentional interferences like jamming, meaconing, and spoofing. In the jamming attack, there is no position estimate from the navigation filter. Whereas, in the case of meaconing and spoofing attacks, the navigation track is misguided by pr..."
INCLUDE,I_DOA_TRACK,Mentions DOA/AoA and tracking (Kalman/EKF/UKF/innovation).,Crawler Robot Indoor Positioning Based on a Combination of Bluetooth and IMU,2022,"2022 6th International Conference on Robotics, Control and Automation (ICRCA)",10.1109/icrca55033.2022.9829003,,https://ieeexplore.ieee.org/stamp/stamp.jsp?arnumber=9829003,ieee_xplore_2026-02-19_06-02-26.csv,"Aiming at the indoor positioning problem of micro-crawler robots, a positioning method based on a combination of Bluetooth, gyroscope, accelerometer, magnetometer and other sensors is designed. This method takes inertial navigation system (INS) as the core, Bluetooth AOA position..."
EXCLUDE,E_NOT_DOA,No DOA/AoA/array context in title/abstract.,Emitter localization using a single moving observer based on UKF,2017,2017 IEEE 17th International Conference on Communication Technology (ICCT),10.1109/icct.2017.8359816,,https://ieeexplore.ieee.org/stamp/stamp.jsp?arnumber=8359816,ieee_xplore_2026-02-19_06-02-26.csv,"In this paper, a method based on UKF (The Unscented Kalman Filter) for emitter localization using a single moving observer is proposed. This method considers an emitter localization problem using a number of received signal strength (RSS) data. The state equation and observation ..."
EXCLUDE,E_ARRAY_NO_DOA_TRACK,Array/radar terms but no DOA or tracking terms.,Signals of Opportunity based Geometry Calibration of Hydrophone Arrays,2019,OCEANS 2019 MTS/IEEE SEATTLE,10.23919/oceans40490.2019.8962552,,https://ieeexplore.ieee.org/stamp/stamp.jsp?arnumber=8962552,ieee_xplore_2026-02-19_06-02-26.csv,"A method to calibrate the geometries of hydrophone arrays using the sound emitted from nearby ships, is presented. The calibration problem is formulated as a simultaneous localization and mapping (SLAM) estimation problem, where the locations and geometries of the arrays are view..."
REVIEW,R_TRACK_ARRAY,Tracking terms with array/radar context; DOA not explicit.,Angle-Domain Channel Tracking for High Speed Railway Communications with Massive ULA,2018,2018 IEEE 18th International Conference on Communication Technology (ICCT),10.1109/icct.2018.8600141,,https://ieeexplore.ieee.org/stamp/stamp.jsp?arnumber=8600141,ieee_xplore_2026-02-19_06-02-26.csv,"High speed railway communications has received wide attention in the world. The Doppler shift from the motion of train induces inter-carrier interference. Meanwhile the doubly selective channel increases the difficulty of training and beamforming. In this paper, we propose an ang..."
REVIEW,R_DOA_ONLY,Mentions DOA/AoA but no explicit Kalman/tracking terms; review.,An Improved Method for Localization of Wireless Capsule Endoscope Using Direct Position Determination,2021,IEEE Access,10.1109/access.2021.3128748,,https://ieeexplore.ieee.org/stamp/stamp.jsp?arnumber=9617632,ieee_xplore_2026-02-19_06-02-26.csv,A novel methodology for localization of wireless-capsule-endoscope (WCE) by using the direct-position-determination (DPD) method is proposed. A WCE enables the diagnose of gastrointestinal tract disorders in a non-invasive visual manner. Conventional methods proposed for WCE loca...
EXCLUDE,E_NOT_DOA,No DOA/AoA/array context in title/abstract.,On a Novel High Accuracy Positioning With Intelligent Reflecting Surface and Unscented Kalman Filter for Intelligent Transportation Systems in B5G,2024,IEEE Journal on Selected Areas in Communications,10.1109/jsac.2023.3322805,,https://ieeexplore.ieee.org/stamp/stamp.jsp?arnumber=10274508,ieee_xplore_2026-02-19_06-02-26.csv,"High accuracy and simultaneous positioning is an essential demand in future Intelligent Transportation Systems (ITS), while the mobility and dynamics of vehicles place great challenges. Single Base Station (BS) positioning has become popular for its fast speed, high convenience, ..."
EXCLUDE,E_NOT_DOA,No DOA/AoA/array context in title/abstract.,Localization of WiFi Devices Using Unmanned Aerial Vehicles in Search and Rescue,2018,2018 IEEE/CIC International Conference on Communications in China (ICCC Workshops),10.1109/iccchinaw.2018.8674518,,https://ieeexplore.ieee.org/stamp/stamp.jsp?arnumber=8674518,ieee_xplore_2026-02-19_06-02-26.csv,"This paper presents an UAV (Unmanned Aerial Vehicle) system that can find the locations of the wireless devices such as smartphones and tablets in WiSAR (wildness search and rescue). By locating the wireless device, we can find the owner of it that get lost or get hurt in the wil..."
REVIEW,R_DOA_ONLY,Mentions DOA/AoA but no explicit Kalman/tracking terms; review.,An Aerial-ground Cooperative Positioning Method for Intelligent and Connected Vehicles under GNSS-denied Environments,2025,2025 8th International Conference on Transportation Information and Safety (ICTIS),10.1109/ictis68762.2025.11215072,,https://ieeexplore.ieee.org/stamp/stamp.jsp?arnumber=11215072,ieee_xplore_2026-02-19_06-02-26.csv,"Positioning is an important technology for the safe and reliable driving of intelligent and connected vehicles (ICVs). In complex urban transportation, GNSS-denied environments such as urban canyons and overpasses can cause serious interference to vehicle positioning, reducing th..."
EXCLUDE,E_NOT_DOA,No DOA/AoA/array context in title/abstract.,Sensing-Assisted Communication Beam Prediction Approaches in V2I Cross-Cell Scenarios: Active Control and Interaction Control Schemes,2025,IEEE Communications Letters,10.1109/lcomm.2025.3570083,,https://ieeexplore.ieee.org/stamp/stamp.jsp?arnumber=11004158,ieee_xplore_2026-02-19_06-02-26.csv,"In sensing-assisted communication systems, better positioning precision leads to more accurate communication beam alignment. In this letter, we propose two novel beam prediction schemes, i.e. active control scheme and interaction control scheme, to enhance communication quality o..."
REVIEW,R_DOA_ONLY,Mentions DOA/AoA but no explicit Kalman/tracking terms; review.,Generic Channel Models,2016,"Propagation Channel Characterization, Parameter Estimation, and Modeling for Wireless Communications",10.1002/9781118188248.ch3,,https://ieeexplore.ieee.org/xpl/ebooks/bookPdfWithBanner.jsp?fileName=7656756.pdf&bkn=7601575&pdfType=chapter,ieee_xplore_2026-02-19_06-02-26.csv,"This chapter introduces some generic models that adopt different kinds of parameter to characterize the behavior of individual components in a channel. These models are proposed from different perspectives, such as specular and dispersive, time invariant and variant, as well as d..."
EXCLUDE,E_NOT_DOA,No DOA/AoA/array context in title/abstract.,Vehicle Behavior-Cognition-Based Particle-Filter-Enabled mmWave Beam Tracking for Connected Automated Vehicles,2022,IEEE Internet of Things Journal,10.1109/jiot.2022.3181247,,https://ieeexplore.ieee.org/stamp/stamp.jsp?arnumber=9790831,ieee_xplore_2026-02-19_06-02-26.csv,"Considering the low-latency and high data rate requirements for automated vehicles (AVs), the millimeter-wave (mmWave) technology can support tens of Gb/s raw sensor information sharing for connected AVs (CAVs). However, the challenging problem is how to achieve fast and robust m..."
EXCLUDE,E_NOT_DOA,No DOA/AoA/array context in title/abstract.,Localization Using DVB-T Signals: Experimental Insights and Validation,2025,2025 28th International Conference on Information Fusion (FUSION),10.23919/fusion65864.2025.11124006,,https://ieeexplore.ieee.org/stamp/stamp.jsp?arnumber=11124006,ieee_xplore_2026-02-19_06-02-26.csv,"Accurate positioning, navigation and timing (PNT) is important for military and civilian applications alike. In recent years navigation using signals of opportunity (SOPs) has received increased interest as a complement or alternative to Global Navigation Satellite Systems (GNSS)..."
EXCLUDE,E_NOT_DOA,No DOA/AoA/array context in title/abstract.,Large-Scale Indoor Localization Solution for Pervasive Smartphones Using Corrected Acoustic Signals and Data-Driven PDR,2023,IEEE Internet of Things Journal,10.1109/jiot.2023.3263551,,https://ieeexplore.ieee.org/stamp/stamp.jsp?arnumber=10089853,ieee_xplore_2026-02-19_06-02-26.csv,"With continuous and accelerated urbanization, a large number of location-based services (LBSs) have shifted from outdoor to indoor. The pervasive smartphone-based localization has been the subject of extensive work, including signals, algorithms, technologies, solutions, and appl..."
REVIEW,R_TRACK_ARRAY,Tracking terms with array/radar context; DOA not explicit.,Massive MIMO for Cellular-Connected UAV: Challenges and Promising Solutions,2021,IEEE Communications Magazine,10.1109/mcom.001.2000552,,https://ieeexplore.ieee.org/stamp/stamp.jsp?arnumber=9374639,ieee_xplore_2026-02-19_06-02-26.csv,"Massive multiple-input multiple-output (MIMO) is a promising technology for enabling cellu-lar-connected unmanned aerial vehicle (UAV) communications in the future. Equipped with full-dimensional large arrays, ground base stations (GBSs) can apply adaptive fine-grained 3D beamfor..."
EXCLUDE,E_NOT_DOA,No DOA/AoA/array context in title/abstract.,Policy Gradient for Observer Trajectory Planning with Application in Multi-target Tracking Problems,2018,"2018 52nd Asilomar Conference on Signals, Systems, and Computers",10.1109/acssc.2018.8645111,,https://ieeexplore.ieee.org/stamp/stamp.jsp?arnumber=8645111,ieee_xplore_2026-02-19_06-02-26.csv,"Tracking multiple moving targets with bearing-only measurement is a challenging task, due to the inherent difficulties in determining the correct trajectory of the observer that will meet observability conditions. The work presented here formulates Observer Trajectory Planning (O..."
REVIEW,R_TRACK_ARRAY,Tracking terms with array/radar context; DOA not explicit.,An Interference Suppression Based Bearing-only Multiple Target Tracking for Passive Sonar,2019,2019 IEEE 2nd International Conference on Information Communication and Signal Processing (ICICSP),10.1109/icicsp48821.2019.8958561,,https://ieeexplore.ieee.org/stamp/stamp.jsp?arnumber=8958561,ieee_xplore_2026-02-19_06-02-26.csv,"In this paper, an interference suppression based bearing-only multiple target tracking (IS-BOT) method for passive sonar is proposed. In the IS-BOT method, the multiple target tracking (MTT) issue is considered as a series of parallel single target tracking issues in the presence..."
EXCLUDE,E_NOT_DOA,No DOA/AoA/array context in title/abstract.,A Tightly Coupled 5G PRS/IMU Fusion With Signal Error Estimator for High-Precision Indoor Localization,2026,IEEE Internet of Things Journal,10.1109/jiot.2025.3637861,,https://ieeexplore.ieee.org/stamp/stamp.jsp?arnumber=11270903,ieee_xplore_2026-02-19_06-02-26.csv,"The rapid growth of internet of things (IoT) applications has driven the demand for high-accuracy indoor localization. However, existing mainstream solutions have distinct limitations: while sensors such as vision, inertial, and light detection and ranging (LiDAR) provide high-pr..."
REVIEW,R_TRACK_ARRAY,Tracking terms with array/radar context; DOA not explicit.,GPS Spoofing Detection and Mitigation for Drones Using Distributed Radar Tracking and Fusion,2022,IEEE Sensors Journal,10.1109/jsen.2022.3168940,,https://ieeexplore.ieee.org/stamp/stamp.jsp?arnumber=9760395,ieee_xplore_2026-02-19_06-02-26.csv,"In today’s world, Global positioning system (GPS)-based navigation is inexpensive for providing position, velocity, and time (PVT) information. GPS receivers are widely used on unmanned aerial vehicles (UAVs), and these targets are vulnerable to deliberate interference such as sp..."
EXCLUDE,E_NOT_DOA,No DOA/AoA/array context in title/abstract.,Underwater mobile target tracking with particle filter using an autonomous vehicle,2017,OCEANS 2017 - Aberdeen,10.1109/oceanse.2017.8084692,,https://ieeexplore.ieee.org/stamp/stamp.jsp?arnumber=8084692,ieee_xplore_2026-02-19_06-02-26.csv,"This paper describes an underwater mobile target localization and tracking by using an autonomous surface vehicle for which the successive ranges between the target and the reference are the only information. In a dynamic system, such as range-only single-beacon underwater target..."
INCLUDE,I_DOA_TRACK,Mentions DOA/AoA and tracking (Kalman/EKF/UKF/innovation).,3D TDOA-AOA Quaternion Based Acoustic SLAM for Drone Localization and Source Mapping,2025,"ICASSP 2025 - 2025 IEEE International Conference on Acoustics, Speech and Signal Processing (ICASSP)",10.1109/icassp49660.2025.10888106,,https://ieeexplore.ieee.org/stamp/stamp.jsp?arnumber=10888106,ieee_xplore_2026-02-19_06-02-26.csv,"This paper focuses on improving 3D sound mapping using acoustic simultaneous localization and mapping (SLAM), angle of arrival (AOA), and time difference of arrival (TDOA). We use quaternion for orientation tracking. Through simulations involving a drone equipped with microphone ..."
EXCLUDE,E_NOT_DOA,No DOA/AoA/array context in title/abstract.,An Energy-Efficient Proactive Handover Scheme for Vehicular Networks Based on Passive RSU Detection,2020,IEEE Transactions on Sustainable Computing,10.1109/tsusc.2018.2878109,,https://ieeexplore.ieee.org/stamp/stamp.jsp?arnumber=8509119,ieee_xplore_2026-02-19_06-02-26.csv,"Recently, the Vehicular Network (VN) has received a lot of attention from researchers around the world. By allowing wireless communication, VNs enable information exchange among vehicles, which in turn has allowed drivers to become more aware of their surrounding road conditions...."
EXCLUDE,E_NOT_DOA,No DOA/AoA/array context in title/abstract.,Pilot Free Channel Prediction for 6G: Semi-deterministic Modeling and Calculation,2025,2025 International Wireless Communications and Mobile Computing (IWCMC),10.1109/iwcmc65282.2025.11059442,,https://ieeexplore.ieee.org/stamp/stamp.jsp?arnumber=11059442,ieee_xplore_2026-02-19_06-02-26.csv,"The sixth generation (6G) wireless communication systems aim to obtain accurate channel state information (CSI) with higher frequencies and bandwidths, while accommodating a larger number of devices, placing high demands on the accuracy and time efficiency of CSI acquisition. How..."
REVIEW,R_TRACK_ARRAY,Tracking terms with array/radar context; DOA not explicit.,Beam Alignment for IEEE 802.11be Powered by Task Oriented Indoor UWB Localization,2024,"2024 IEEE 35th International Symposium on Personal, Indoor and Mobile Radio Communications (PIMRC)",10.1109/pimrc59610.2024.10817366,,https://ieeexplore.ieee.org/stamp/stamp.jsp?arnumber=10817366,ieee_xplore_2026-02-19_06-02-26.csv,"Coordinated beamforming is one of the crucial improvements for WiFi7. However, to provide sufficient Quality of Service, the corresponding beams have to be aligned accurately. Conventional approaches search for optimal beams in the available codebook to align the beams. However, ..."
REVIEW,R_TRACK_ARRAY,Tracking terms with array/radar context; DOA not explicit.,One-Way-Travel-Time Hybrid Baseline Navigation for Micro Autonomous Underwater Vehicles,2025,IEEE Journal of Oceanic Engineering,10.1109/joe.2024.3447739,,https://ieeexplore.ieee.org/stamp/stamp.jsp?arnumber=10836715,ieee_xplore_2026-02-19_06-02-26.csv,"Accurate and reliable navigation is the prerequisite for autonomous underwater vehicles (AUVs) to perform tasks and ensure their safety. Conventional underwater navigation solutions are bulky, expensive, and power-hungry, increasing the AUV size and cost, which stifles the democr..."
EXCLUDE,E_ARRAY_NO_DOA_TRACK,Array/radar terms but no DOA or tracking terms.,A Low SNR and Fast Passive Location Algorithm Based on Virtual Time Reversal,2021,IEEE Access,10.1109/access.2021.3059840,,https://ieeexplore.ieee.org/stamp/stamp.jsp?arnumber=9355180,ieee_xplore_2026-02-19_06-02-26.csv,"In order to achieve fast and accurate passive location of the target radiation source, this paper puts forward a Virtual Time Reversal Method Based on Uniform Linear Array (ULA-VTR) passive location algorithm. This framework employs the passive time reversal focusing theory, whic..."
REVIEW,R_TRACK_ARRAY,Tracking terms with array/radar context; DOA not explicit.,Analysis of Processing Pipelines for Indoor Human Tracking Using FMCW Radar,2024,2024 IEEE Radar Conference (RadarConf24),10.1109/radarconf2458775.2024.10548911,,https://ieeexplore.ieee.org/stamp/stamp.jsp?arnumber=10548911,ieee_xplore_2026-02-19_06-02-26.csv,"In this paper, the problem of formulating effective processing pipelines for indoor human tracking is investigated, with the usage of a Multiple Input Multiple Output (MIMO) Frequency Modulated Continuous Wave (FMCW) radar. Specifically, two processing pipelines starting with det..."
REVIEW,R_TRACK_ARRAY,Tracking terms with array/radar context; DOA not explicit.,Detection mechanism for vehicle collision avoidance using mmWave Radar,2023,"2023 IEEE International Conference on Electronics, Computing and Communication Technologies (CONECCT)",10.1109/conecct57959.2023.10234756,,https://ieeexplore.ieee.org/stamp/stamp.jsp?arnumber=10234756,ieee_xplore_2026-02-19_06-02-26.csv,"In recent years Advanced Driver Assistance Systems (ADAS) is growing at a very fast pace. This is to meet future requirements like automated parking, driver assistance, self-driving cars, etc. Collision avoidance is an essential requirement for any ADAS. Towards this, Radars are ..."
REVIEW,R_TRACK_ARRAY,Tracking terms with array/radar context; DOA not explicit.,Maritime surveillance using multi-frequency HFSWR,2016,OCEANS 2016 - Shanghai,10.1109/oceansap.2016.7485447,,https://ieeexplore.ieee.org/stamp/stamp.jsp?arnumber=7485447,ieee_xplore_2026-02-19_06-02-26.csv,"In these decades, great interest has been directed toward high frequency surface wave radars (HFSWR) as long range early warning tools in maritime surveillance. But HFSWR exhibit some shortcomings that need to be taken into account when detecting targets, such as poor azimuth res..."
EXCLUDE,E_NOT_DOA,No DOA/AoA/array context in title/abstract.,Dirichlet Process Clustering-based Radio SLAM with Arbitrarily-Shaped Reflectors,2023,2023 IEEE 3rd International Symposium on Joint Communications & Sensing (JC&S),10.1109/jcs57290.2023.10107464,,https://ieeexplore.ieee.org/stamp/stamp.jsp?arnumber=10107464,ieee_xplore_2026-02-19_06-02-26.csv,"This paper proposes a Dirichlet process (DP)-based radio simultaneous localization and mapping (SLAM) algorithm enabling mapping arbitrary structures (ASs) as well as the standard point landmarks. The ASs cannot be characterized by a low-dimensional state, in contrast to the stan..."
EXCLUDE,E_ARRAY_NO_DOA_TRACK,Array/radar terms but no DOA or tracking terms.,Improvement in Localization of a Moving Vehicle using K-means Clustering,2020,2020 IEEE International Instrumentation and Measurement Technology Conference (I2MTC),10.1109/i2mtc43012.2020.9128623,,https://ieeexplore.ieee.org/stamp/stamp.jsp?arnumber=9128623,ieee_xplore_2026-02-19_06-02-26.csv,Automotive radar uses multiple sensors to locate and determine the movement of the vehicles. Frequency Modulated Continuous Wave (FMCW) is the prevailing waveform used in this field. The proposed method estimates the vehicle location and speed. It tracks the vehicle(s) using mult...
REVIEW,R_TRACK_ARRAY,Tracking terms with array/radar context; DOA not explicit.,Trajectory-Based User Tracking and Beam Assignment in a Hallway using Phased Array Antenna,2023,2023 IEEE Canadian Conference on Electrical and Computer Engineering (CCECE),10.1109/ccece58730.2023.10289018,,https://ieeexplore.ieee.org/stamp/stamp.jsp?arnumber=10289018,ieee_xplore_2026-02-19_06-02-26.csv,"In this study, we present a phased array antenna system for trajectory-based user tracking and beam assignment in a hallway. We suppose that the antenna array covers all three of the predetermined paths in the hallway and that there are three of them. To enhance communication qua..."
REVIEW,R_TRACK_ARRAY,Tracking terms with array/radar context; DOA not explicit.,Underwater Acoustic Imaging via Online Bayesian Compressive Beamforming,2022,IEEE Geoscience and Remote Sensing Letters,10.1109/lgrs.2022.3180751,,https://ieeexplore.ieee.org/stamp/stamp.jsp?arnumber=9791310,ieee_xplore_2026-02-19_06-02-26.csv,"Beamforming is extensively used in underwater acoustic imaging systems. As a high-resolution variety, a Bayesian compressive beamformer treats the acoustic echo of each snapshot independently and achieves enhanced recovery performance. However, its associated computational cost i..."
REVIEW,R_TRACK_ARRAY,Tracking terms with array/radar context; DOA not explicit.,Enhancing Tracking Accuracy with Exploitation of Mobile Unit Orientation and Antenna Pattern,2019,"2019 IEEE International Conference on Microwaves, Antennas, Communications and Electronic Systems (COMCAS)",10.1109/comcas44984.2019.8958436,,https://ieeexplore.ieee.org/stamp/stamp.jsp?arnumber=8958436,ieee_xplore_2026-02-19_06-02-26.csv,"Localization of Mobile Unit (MU) is essential in many applications. Outdoor localization has an accuracy that degrades rapidly with scattered dynamic environment and in indoor environment, and sometimes due to lack of GPS connectivity. Current methods for tracking are based on ti..."
EXCLUDE,E_NOT_DOA,No DOA/AoA/array context in title/abstract.,Wavefront Orientation Estimation Based on Progressive Bingham Filtering,2018,"2018 Sensor Data Fusion: Trends, Solutions, Applications (SDF)",10.1109/sdf.2018.8547094,,https://ieeexplore.ieee.org/stamp/stamp.jsp?arnumber=8547094,ieee_xplore_2026-02-19_06-02-26.csv,"In this paper, we propose the Progressive Bingham Filter (PBF), a novel stochastic filtering algorithm for nonlinear spatial orientation estimation. As an extension of the orientation filter previously proposed only for the identity measurement model based on the Bingham distribu..."
REVIEW,R_DOA_ONLY,Mentions DOA/AoA but no explicit Kalman/tracking terms; review.,Cooperative Localization for Multiple Soccer Agents Using Factor Graphs and Sequential Monte Carlo,2020,IEEE Access,10.1109/access.2020.3040602,,https://ieeexplore.ieee.org/stamp/stamp.jsp?arnumber=9269974,ieee_xplore_2026-02-19_06-02-26.csv,"This paper addresses the cooperative localization problem for a multiagent system in the framework of belief propagation. In particular, we consider the RoboCup 3D Soccer Simulation scenario, in which the networked agents are able to obtain simulated measurements of the distance ..."
REVIEW,R_DOA_ONLY,Mentions DOA/AoA but no explicit Kalman/tracking terms; review.,Mobile Bot Rotation Using Sound Source Localization And Distant Speech Recognition,2024,2024 IEEE International Conference on Robotics and Automation (ICRA),10.1109/icra57147.2024.10610539,,https://ieeexplore.ieee.org/stamp/stamp.jsp?arnumber=10610539,ieee_xplore_2026-02-19_06-02-26.csv,"In the last few years, mobile robots such as floor cleaners, assistive robots, and home telepresence have become an essential part of our day-to-day activities. In human-robot interaction, speech is the preferred way of communication, especially in indoor environments. This paper..."
EXCLUDE,E_NOT_DOA,No DOA/AoA/array context in title/abstract.,Integrated Sensing and Communications for UAV Communications With Jittering Effect,2023,IEEE Wireless Communications Letters,10.1109/lwc.2023.3243590,,https://ieeexplore.ieee.org/stamp/stamp.jsp?arnumber=10040631,ieee_xplore_2026-02-19_06-02-26.csv,"Integrated sensing and communications (ISAC) is a key technique for UAV communications. In this letter, we consider the ISAC design for UAV aided communications. Firstly, we build the spatial model under the jittering effects. Meanwhile, we analyze the effect of the UAV movement ..."
EXCLUDE,E_NOT_DOA,No DOA/AoA/array context in title/abstract.,Empirical Dynamic Modeling for Low-Altitude UAV Propagation Channels,2021,IEEE Transactions on Wireless Communications,10.1109/twc.2021.3065959,,https://ieeexplore.ieee.org/stamp/stamp.jsp?arnumber=9382924,ieee_xplore_2026-02-19_06-02-26.csv,"During the last few years, with the decrease of their sizes and costs, Unmanned Aerial Vehicles (UAVs) became more feasible for their use in general-purpose applications. As an important basis for UAV applications, the Air-to-Ground (A2G) radio propagation channel has gained atte..."
INCLUDE,I_DOA_TRACK,Mentions DOA/AoA and tracking (Kalman/EKF/UKF/innovation).,An Improved Grid-based Bayesian Beam Tracking Algorithm in Highly Dynamic Moving Scenes for Millimeter-Wave Systems,2023,2023 8th International Conference on Computer and Communication Systems (ICCCS),10.1109/icccs57501.2023.10150758,,https://ieeexplore.ieee.org/stamp/stamp.jsp?arnumber=10150758,ieee_xplore_2026-02-19_06-02-26.csv,"High-accuracy beam tracking is of critical importance in mobile millimeter-wave massive multi-input multi-output (MIMO) systems. In this paper, an improved grid-based Bayesian beam tracking algorithm is proposed to adapt highly dynamic moving scenes by predicting the trend of ang..."
REVIEW,R_TRACK_ARRAY,Tracking terms with array/radar context; DOA not explicit.,Cooperative Positioning System for Industrial IoT via mmWave Device-to-Device Communications,2021,2021 IEEE 93rd Vehicular Technology Conference (VTC2021-Spring),10.1109/vtc2021-spring51267.2021.9448644,,https://ieeexplore.ieee.org/stamp/stamp.jsp?arnumber=9448644,ieee_xplore_2026-02-19_06-02-26.csv,"The millimeter wave (mmWave) device-to-device air interface not only supports a direct wireless connectivity among devices, but it also offers an improved beamforming capability to obtain the direction information among the vehicles and devices for positioning. Both features serv..."
EXCLUDE,E_NOT_DOA,No DOA/AoA/array context in title/abstract.,Numerical Investigation of an UWB Localization Technique for Unmanned Aerial Vehicles in Outdoor Scenarios,2017,IEEE Sensors Journal,10.1109/jsen.2017.2684817,,https://ieeexplore.ieee.org/stamp/stamp.jsp?arnumber=7882672,ieee_xplore_2026-02-19_06-02-26.csv,"In this paper, the numerical investigation of an ultra wideband (UWB) localization technique suitable for the tracking and control of an unmanned aerial vehicle (UAV) in a specific outdoor scenario is presented. A set of UWB nodes are located on a moving/still ground station (GS)..."
REVIEW,R_DOA_ONLY,Mentions DOA/AoA but no explicit Kalman/tracking terms; review.,Research and Implementation of Bluetooth AOA Indoor Positioning System,2023,2023 8th International Conference on Data Science in Cyberspace (DSC),10.1109/dsc59305.2023.00056,,https://ieeexplore.ieee.org/stamp/stamp.jsp?arnumber=10381057,ieee_xplore_2026-02-19_06-02-26.csv,"With the continuous updates, iterations, and promotion of Bluetooth standard specifications, Bluetooth has filled many gaps in existing indoor positioning technologies with its comprehensive technical specifications, rich application ecosystem, and a series of advantages such as ..."
EXCLUDE,E_NOT_DOA,No DOA/AoA/array context in title/abstract.,An Indoor positioning method based on Improved Elman neural network using sparrow search,2022,"2022 7th International Conference on Communication, Image and Signal Processing (CCISP)",10.1109/ccisp55629.2022.9974419,,https://ieeexplore.ieee.org/stamp/stamp.jsp?arnumber=9974419,ieee_xplore_2026-02-19_06-02-26.csv,"N owadays, indoor positioning algorithms have attracted comprehensive attention and research. Due to multipath effect in the complex indoor environment, it is difficult to position with high precision. In this paper a BLE(Bluetooth Low Energy) indoor positioning algorithm based o..."
REVIEW,R_TRACK_ARRAY,Tracking terms with array/radar context; DOA not explicit.,Dynamic Radar Networks of UAVs: A Tutorial Overview and Tracking Performance Comparison With Terrestrial Radar Networks,2020,IEEE Vehicular Technology Magazine,10.1109/mvt.2020.2979698,,https://ieeexplore.ieee.org/stamp/stamp.jsp?arnumber=9064696,ieee_xplore_2026-02-19_06-02-26.csv,"In the coming years, low aerial space will be crowded with unmanned aerial vehicles (UAVs) providing various services. In this context, an emerging problem is to detect and track unauthorized or malicious mini/microUAVs. In contrast to current solutions mainly based on fixed terr..."
REVIEW,R_TRACK_ARRAY,Tracking terms with array/radar context; DOA not explicit.,Doppler Exploitation in Bistatic mmWave Radio SLAM,2022,GLOBECOM 2022 - 2022 IEEE Global Communications Conference,10.1109/globecom48099.2022.10001597,,https://ieeexplore.ieee.org/stamp/stamp.jsp?arnumber=10001597,ieee_xplore_2026-02-19_06-02-26.csv,"Networks in 5G and beyond utilize millimeter wave (mmWave) radio signals, large bandwidths, and large antenna arrays, which bring opportunities in jointly localizing the user equipment and mapping the propagation environment, termed as simultaneous localization and mapping (SLAM)..."
EXCLUDE,E_NOT_DOA,No DOA/AoA/array context in title/abstract.,Identification Technology of Satellite Navigation Spoofing Signal,2025,2025 6th International Conference on Electronic Communication and Artificial Intelligence (ICECAI),10.1109/icecai66283.2025.11171128,,https://ieeexplore.ieee.org/stamp/stamp.jsp?arnumber=11171128,ieee_xplore_2026-02-19_06-02-26.csv,"As satellite navigation systems become pervasive across industries, escalating spoofing signal threats jeopardize the dependability and protection of location services. This paper provides a comprehensive overview of methods for detecting Global Navigation Satellite Systems (GNSS..."
REVIEW,R_TRACK_ARRAY,Tracking terms with array/radar context; DOA not explicit.,Capabilities of a Real-Time EKF Vector Tracking Algorithm for Dynamic Flight Maneuvers With Small UAVs,2023,"2023 IEEE/ION Position, Location and Navigation Symposium (PLANS)",10.1109/plans53410.2023.10140071,,https://ieeexplore.ieee.org/stamp/stamp.jsp?arnumber=10140071,ieee_xplore_2026-02-19_06-02-26.csv,"To strengthen tracking in dynamic flight maneuvers the miniaturized real-time Global Navigation Satellite System (GNSS) receiver GALileo ANTenna (GALANT), developed by the German Aerospace Center (DLR), has been equipped with a robust vector tracking algorithm. To harden the rece..."
REVIEW,R_DOA_ONLY,Mentions DOA/AoA but no explicit Kalman/tracking terms; review.,An ocean experiment of inverse SSBL acoustic positioning using underwater vehicle OTOHIME,2016,OCEANS 2016 MTS/IEEE Monterey,10.1109/oceans.2016.7761498,,https://ieeexplore.ieee.org/stamp/stamp.jsp?arnumber=7761498,ieee_xplore_2026-02-19_06-02-26.csv,An acoustic positioning method to measure position of an underwater vehicle by inverse super short baseline (ISSBL) and acoustic data transmission is introduced in this paper. In this method a receiver array is equipped on the vehicle and direction of arrival (DOA) of acoustic si...
EXCLUDE,E_NOT_DOA,No DOA/AoA/array context in title/abstract.,An adaptive parametric prediction method for mobile MIMO wireless systems,2017,2017 European Conference on Networks and Communications (EuCNC),10.1109/eucnc.2017.7980689,,https://ieeexplore.ieee.org/stamp/stamp.jsp?arnumber=7980689,ieee_xplore_2026-02-19_06-02-26.csv,"In this paper, we investigate the prediction of mobile MIMO channels with varying multipath parameters. Based on the PAST algorithm, we propose a multidimensional adaptive ESPRIT approach for jointly tracking the evolution of the Doppler frequencies and spatial directions of arri..."
EXCLUDE,E_NOT_DOA,No DOA/AoA/array context in title/abstract.,Fusion Positioning of GNSS-Cellular Signals of Opportunity Under Low Observability,2024,IEEE Transactions on Instrumentation and Measurement,10.1109/tim.2024.3485434,,https://ieeexplore.ieee.org/stamp/stamp.jsp?arnumber=10731872,ieee_xplore_2026-02-19_06-02-26.csv,"Cellular signals of opportunity (CSOPs) can be utilized as a backup positioning system for global navigation satellite systems (GNSSs) in urban. Current studies on the fusion of GNSS-CSOPs require sufficient signals. However, in low-observability environments where the total numb..."
EXCLUDE,E_NOT_DOA,No DOA/AoA/array context in title/abstract.,Navigation in GPS Spoofed Environment Using M-Best Positioning Algorithm and Data Association,2021,IEEE Access,10.1109/access.2021.3064383,,https://ieeexplore.ieee.org/stamp/stamp.jsp?arnumber=9371742,ieee_xplore_2026-02-19_06-02-26.csv,"Intentionally misguiding a global positioning system (GPS) receiver has become a potential threat to almost all civilian GPS receivers in recent years. GPS spoofing is among the types of intentional interference, in which a spoofing device transmits spoofed signals towards the GP..."
REVIEW,R_TRACK_ARRAY,Tracking terms with array/radar context; DOA not explicit.,A Wearable Capsule Endoscope Electromagnetic Localization System Based on a Novel WCL Algorithm,2022,IEEE Transactions on Biomedical Circuits and Systems,10.1109/tbcas.2022.3210908,,https://ieeexplore.ieee.org/stamp/stamp.jsp?arnumber=9906445,ieee_xplore_2026-02-19_06-02-26.csv,"The wearable localization system for wireless capsule endoscopy (WCE) is a potential technology to realize rapid diagnosis and treatment of the gastrointestinal (GI). However, the electromagnetic localization accuracy of WCE still needs to be improved. In this paper, based on RSS..."
EXCLUDE,E_NOT_DOA,No DOA/AoA/array context in title/abstract.,ASV acoustically tracking and following an AUV: preliminary experimental evaluation,2021,OCEANS 2021: San Diego – Porto,10.23919/oceans44145.2021.9705783,,https://ieeexplore.ieee.org/stamp/stamp.jsp?arnumber=9705783,ieee_xplore_2026-02-19_06-02-26.csv,"In the robotics field, cooperative approaches involving robot swarms represent a challenging task, in order to guarantee robots safety and accomplish mission goals. This problem becomes more severe when missions involve under-water vehicles, due to electromagnetic waves attenuati..."
REVIEW,R_TRACK_ARRAY,Tracking terms with array/radar context; DOA not explicit.,EM-based Radar Signal Processing and Tracking,2021,2021 IEEE Radar Conference (RadarConf21),10.1109/radarconf2147009.2021.9455161,,https://ieeexplore.ieee.org/stamp/stamp.jsp?arnumber=9455161,ieee_xplore_2026-02-19_06-02-26.csv,"Maximizing the achievable SNR benefits the measurement’s precision that is affected by thermal noise, and track precision is enhanced given precise, unbiased, range measurements. While the radar is tracking the kinematic state (i.e., position, velocity, and acceleration) of the t..."
REVIEW,R_DOA_ONLY,Mentions DOA/AoA but no explicit Kalman/tracking terms; review.,A Method to Estimate User Position and Orientation Based on Relative Position Measurement Between a Navigation Robot and a Smartphone,2025,"2025 IEEE/ION Position, Location and Navigation Symposium (PLANS)",10.1109/plans61210.2025.11028361,,https://ieeexplore.ieee.org/stamp/stamp.jsp?arnumber=11028361,ieee_xplore_2026-02-19_06-02-26.csv,This paper proposes a method to estimate a smart-phone’s location and orientation using the relative position between it and a navigation robot. The relative position is measured by ultra-wideband (UWB) ranging and angle of arrival (AoA). The smartphone and navigation robot estim...
REVIEW,R_DOA_ONLY,Mentions DOA/AoA but no explicit Kalman/tracking terms; review.,Towards More Accurate Mobile Direction Finding with UWB,2025,"2025 IEEE 49th Annual Computers, Software, and Applications Conference (COMPSAC)",10.1109/compsac65507.2025.00101,,https://ieeexplore.ieee.org/stamp/stamp.jsp?arnumber=11126721,ieee_xplore_2026-02-19_06-02-26.csv,UWB is becoming increasingly more available to the general public as part of consumer devices such as smartphones and smartwatches. This opens opportunities for new indoor positioning paradigms because UWB in consumer devices not only supports ranging but also AoA (Angle of Arriv...
EXCLUDE,E_NOT_DOA,No DOA/AoA/array context in title/abstract.,Research on train reception and departure system based on intelligent video analysis,2016,"2016 IEEE International Conference on Service Operations and Logistics, and Informatics (SOLI)",10.1109/soli.2016.7551693,,https://ieeexplore.ieee.org/stamp/stamp.jsp?arnumber=7551693,ieee_xplore_2026-02-19_06-02-26.csv,"The train reception and departure time directly affects the performance of the passenger service system. However, the system in existing stations sometimes cannot accurately obtain the train arrival time because of train delay. This paper proposed a kind of informative linkage me..."
REVIEW,R_TRACK_ARRAY,Tracking terms with array/radar context; DOA not explicit.,mmWave Simultaneous Localization and Mapping Using a Computationally Efficient EK-PHD Filter,2021,2021 IEEE 24th International Conference on Information Fusion (FUSION),10.23919/fusion49465.2021.9626927,,https://ieeexplore.ieee.org/stamp/stamp.jsp?arnumber=9626927,ieee_xplore_2026-02-19_06-02-26.csv,"Future cellular networks that utilize millimeter wave signals provide new opportunities in positioning and situational awareness. Large bandwidths combined with large antenna arrays provide unparalleled delay and angle resolution, allowing high accuracy localization but also buil..."
REVIEW,R_DOA_ONLY,Mentions DOA/AoA but no explicit Kalman/tracking terms; review.,Comparison of User Coordinate Estimation Accuracy for ToF and ToF/AoA Local Navigation Systems Integrated with an Inertial Measurement Unit,2024,2024 IEEE 25th International Conference of Young Professionals in Electron Devices and Materials (EDM),10.1109/edm61683.2024.10615070,,https://ieeexplore.ieee.org/stamp/stamp.jsp?arnumber=10615070,ieee_xplore_2026-02-19_06-02-26.csv,"Today, in addition to local navigation systems and global navigation satellite systems, there are other navigation sensors and systems (inertial, odometric, etc.) that solve the same or similar tasks of navigation support. One of the methods to improve the positioning accuracy of..."
EXCLUDE,E_NOT_DOA,No DOA/AoA/array context in title/abstract.,A Vehicular Positioning Enhancement with Connected Vehicle Assistance,2015,2015 IEEE 82nd Vehicular Technology Conference (VTC2015-Fall),10.1109/vtcfall.2015.7390825,,https://ieeexplore.ieee.org/stamp/stamp.jsp?arnumber=7390825,ieee_xplore_2026-02-19_06-02-26.csv,"In this paper, we consider the problem of vehicular positioning enhancement with emerging connected vehicles (CV) technologies. In order to actually describe the scenario, the Interacting Multiple Model (IMM) filter is used for depicting varies of observation models. A CV-enhance..."
EXCLUDE,E_NOT_DOA,No DOA/AoA/array context in title/abstract.,Grid-Based Bayesian Beam Tracking With Multiple Observations for Millimeter Wave Channels,2021,IEEE Transactions on Vehicular Technology,10.1109/tvt.2021.3120516,,https://ieeexplore.ieee.org/stamp/stamp.jsp?arnumber=9576598,ieee_xplore_2026-02-19_06-02-26.csv,"In this paper, we study a beam tracking problem for millimeter wave (mmWave) channels in massive multiple-input and multiple-output communication systems. We formulate the beam tracking problem as a stochastic filtering problem by modeling the dynamic state equation and the obser..."
EXCLUDE,E_NOT_DOA,No DOA/AoA/array context in title/abstract.,Comparison of Different Vector Tracking Architectures in Challenging Urban Environments Using the TEX-CUP Data Set,2024,2024 11th Workshop on Satellite Navigation Technology (NAVITEC),10.1109/navitec63575.2024.10843459,,https://ieeexplore.ieee.org/stamp/stamp.jsp?arnumber=10843459,ieee_xplore_2026-02-19_06-02-26.csv,Positioning in dense urban environments using global navigation satellite systems (GNSSs) depicts to this day a challenging task due to the limited sky view and unpredictable multipath propagation. Vector tracking (VT) receiver architectures have proven to be a viable approach to...
EXCLUDE,E_NOT_DOA,No DOA/AoA/array context in title/abstract.,A Low-Overhead Hierarchical Beam-tracking Algorithm for THz Wireless Systems,2020,2020 European Conference on Networks and Communications (EuCNC),10.1109/eucnc48522.2020.9200946,,https://ieeexplore.ieee.org/stamp/stamp.jsp?arnumber=9200946,ieee_xplore_2026-02-19_06-02-26.csv,"In this paper, a novel hierarchical beam-tracking approach, which is suitable for terahertz (THz) wireless systems, is presented. The main idea is to employ a prediction based algorithm with a multi-resolution codebook, in order to decrease the required overhead of tracking and i..."
EXCLUDE,E_NOT_DOA,No DOA/AoA/array context in title/abstract.,Location Estimation of Moving Targets by Passive Sonobuoy and Recurrent Deep Neural Network,2023,"2023 International Symposium on Networks, Computers and Communications (ISNCC)",10.1109/isncc58260.2023.10323838,,https://ieeexplore.ieee.org/stamp/stamp.jsp?arnumber=10323838,ieee_xplore_2026-02-19_06-02-26.csv,"Today, one of the biggest challenges for military experts is to identifying and track submarines. concealment, is one of the most critical features of the Navy, which leads to limited active signal transmission. On the other hand, environmental factors such as salinity changes, t..."
EXCLUDE,E_NOT_DOA,No DOA/AoA/array context in title/abstract.,Mobile Positioning with Signals of Opportunity in Urban and Urban Canyon Environments,2020,"2020 IEEE/ION Position, Location and Navigation Symposium (PLANS)",10.1109/plans46316.2020.9109876,,https://ieeexplore.ieee.org/stamp/stamp.jsp?arnumber=9109876,ieee_xplore_2026-02-19_06-02-26.csv,"This paper presents field test results of mobile positioning with signals of opportunity (SOOP) in urban and urban canyon environments and the lessons learned. The particular SOOP considered in this paper is the digital television (DTV) signals available in the United States, nam..."
REVIEW,R_DOA_ONLY,Mentions DOA/AoA but no explicit Kalman/tracking terms; review.,Virtual Multi-Antenna Array for Estimating the Angle-of-Arrival of a RF Transmitter,2016,2016 IEEE 84th Vehicular Technology Conference (VTC-Fall),10.1109/vtcfall.2016.7881965,,https://ieeexplore.ieee.org/stamp/stamp.jsp?arnumber=7881965,ieee_xplore_2026-02-19_06-02-26.csv,We consider the problem of angle-of-arrival (AoA) estimation of a RF transmitter using a mobile receiver. We develop a method very similar to synthetic aperture radar which is compatible with cellular technology. By considering the successive packets received along the receiver t...
INCLUDE,I_DOA_TRACK,Mentions DOA/AoA and tracking (Kalman/EKF/UKF/innovation).,A Robust Cardinalized Probability Hypothesis Density Filter for Acoustic SLAM,2025,IEEE Transactions on Instrumentation and Measurement,10.1109/tim.2025.3638920,,https://ieeexplore.ieee.org/stamp/stamp.jsp?arnumber=11271476,ieee_xplore_2026-02-19_06-02-26.csv,"Heavy-tailed noise in complex environments could seriously degrade the localization performance of acoustic simultaneous localization and mapping (ASLAM). To address this problem, a robust cardinalized probability hypothesis density filter for acoustic SLAM based on variational B..."
INCLUDE,I_DOA_TRACK,Mentions DOA/AoA and tracking (Kalman/EKF/UKF/innovation).,Integrated Factor Graph Algorithm for DOA-Based Geolocation and Tracking,2020,IEEE Access,10.1109/access.2020.2979510,,https://ieeexplore.ieee.org/stamp/stamp.jsp?arnumber=9028118,ieee_xplore_2026-02-19_06-02-26.csv,"This paper proposes a new position tracking algorithm by integrating extended Kalman filter (EKF) and direction-of-arrival (DOA)-based geolocation into one factor graph (FG) framework. A distributed sensor network is assumed for detecting an anonymous target, where the process an..."
REVIEW,R_TRACK_ARRAY,Tracking terms with array/radar context; DOA not explicit.,Multipath Model and Ghost Suppression for Millimeter Wave Traffic Radar,2024,"2024 IEEE International Conference on Signal, Information and Data Processing (ICSIDP)",10.1109/icsidp62679.2024.10868312,,https://ieeexplore.ieee.org/stamp/stamp.jsp?arnumber=10868312,ieee_xplore_2026-02-19_06-02-26.csv,"Millimeter-wave traffic radar, known for its advantages of all-day, all-weather, and long-distance monitoring, plays a critical role in traffic safety. However, the presence of multipath ghosts has persistently degraded the performance of traffic radar systems. In this paper, we ..."
INCLUDE,I_DOA_TRACK,Mentions DOA/AoA and tracking (Kalman/EKF/UKF/innovation).,Cooperative Tracking for WSN With DOA-Based Factor Graph Technique,2024,IEEE Sensors Journal,10.1109/jsen.2024.3487655,,https://ieeexplore.ieee.org/stamp/stamp.jsp?arnumber=10742308,ieee_xplore_2026-02-19_06-02-26.csv,"This article proposes a cooperative tracking scheme in wireless sensor networks (WSNs), which utilizes a direction-of-arrival (DOA)-based factor graph (FG) approach. It focuses on a scenario that sensors served as the anchor nodes in the WSN are insufficient, such that the perfor..."
EXCLUDE,E_NOT_DOA,No DOA/AoA/array context in title/abstract.,A Low-Cost INS and UWB Fusion Pedestrian Tracking System,2019,IEEE Sensors Journal,10.1109/jsen.2019.2894714,,https://ieeexplore.ieee.org/stamp/stamp.jsp?arnumber=8625529,ieee_xplore_2026-02-19_06-02-26.csv,An inertial navigation system (INS) using kinematic sensors is able to provide accurate pedestrian tracking over a short distance. Information fusion of the INS with wireless technology has been commonly employed to develop more robust and accurate tracking systems over longer di...
EXCLUDE,E_NOT_DOA,No DOA/AoA/array context in title/abstract.,Online Relative Positioning of Autonomous Vehicles Using Signals of Opportunity,2022,IEEE Transactions on Intelligent Vehicles,10.1109/tiv.2021.3124727,,https://ieeexplore.ieee.org/stamp/stamp.jsp?arnumber=9599503,ieee_xplore_2026-02-19_06-02-26.csv,"To fully realize the potential of autonomous aerial vehicles, a reliable, robust, and accurate navigation system is required. Current technologies composing such a system include stand-alone and augmented global navigation satellite systems (GNSS), as well as visual, inertial, an..."
EXCLUDE,E_NOT_DOA,No DOA/AoA/array context in title/abstract.,Cooperative ASV/AUV system exploiting active acoustic localization,2021,2021 IEEE/RSJ International Conference on Intelligent Robots and Systems (IROS),10.1109/iros51168.2021.9636326,,https://ieeexplore.ieee.org/stamp/stamp.jsp?arnumber=9636326,ieee_xplore_2026-02-19_06-02-26.csv,The lack of GPS signal in the underwater environment poses limitations in terms of localization and navigation of mobile robots. Strategies based on acoustic localization systems are employed to improve underwater navigation. In this paper we describe a first step towards the dev...
REVIEW,R_TRACK_ARRAY,Tracking terms with array/radar context; DOA not explicit.,Cognitive Transmit Subarray FDA Design for Integrated Radar-Communication Using Flexible Sidelobe Control,2018,2018 IEEE 7th International Conference on Adaptive Science & Technology (ICAST),10.1109/icastech.2018.8506946,,https://ieeexplore.ieee.org/stamp/stamp.jsp?arnumber=8506946,ieee_xplore_2026-02-19_06-02-26.csv,"This paper presents cognitive overlapped-frequency diverse array (FDA) for joint radar-communications to achieve improved performance for moving radar target and communica- tion receiver(s). In this scheme, the FDA transmit array is divided into two subarrays and each subarray co..."
REVIEW,R_TRACK_ARRAY,Tracking terms with array/radar context; DOA not explicit.,MMW-Carry: Enhancing Carry Object Detection Through Millimeter-Wave Radar–Camera Fusion,2024,IEEE Sensors Journal,10.1109/jsen.2024.3378571,,https://ieeexplore.ieee.org/stamp/stamp.jsp?arnumber=10478306,ieee_xplore_2026-02-19_06-02-26.csv,"This article introduces MMW-Carry, a system designed to predict the probability of individuals carrying various objects using millimeter-wave (MMWave) radar signals, complemented by camera input. The primary goal of MMW-Carry is to provide a rapid and cost-effective preliminary s..."
REVIEW,R_TRACK_ARRAY,Tracking terms with array/radar context; DOA not explicit.,Passive radar: From target detection to imaging,2019,2019 IEEE Radar Conference (RadarConf),10.1109/radar.2019.8835658,,https://ieeexplore.ieee.org/stamp/stamp.jsp?arnumber=8835658,ieee_xplore_2026-02-19_06-02-26.csv,Presents a collection of slides covering the following topics: ISAR; airborne radar; radar signal processing; signal sampling; telecommunication signal processing; DSP; target tracking; image processing; passive radar; target detection and radar imaging.
EXCLUDE,E_ARRAY_NO_DOA_TRACK,Array/radar terms but no DOA or tracking terms.,GESTRA - upgrading to future distributed phased array radar networks for space surveillance,2022,2022 IEEE International Symposium on Phased Array Systems & Technology (PAST),10.1109/past49659.2022.9975037,,https://ieeexplore.ieee.org/stamp/stamp.jsp?arnumber=9975037,ieee_xplore_2026-02-19_06-02-26.csv,"More and more objects are orbiting the Earth. Especially mega-constellations lead to a big number of artificial objects in space, both active and debris. This increasing amount of space debris is becoming more and more dangerous for human spaceflight. An accurate catalogue of the..."
REVIEW,R_TRACK_ARRAY,Tracking terms with array/radar context; DOA not explicit.,Fusion of stereo camera and MIMO-FMCW radar for pedestrian tracking in indoor environments,2016,2016 19th International Conference on Information Fusion (FUSION),,,https://ieeexplore.ieee.org/stamp/stamp.jsp?arnumber=7527938,ieee_xplore_2026-02-19_06-02-26.csv,"In this paper, we present a fusion of stereo camera and radar targets to significantly improve the tracking of pedestrians indoors especially suited for surveillance and security applications. Indoor environments pose bigger challenges for pedestrian tracking compared to outdoor ..."
EXCLUDE,E_ARRAY_NO_DOA_TRACK,Array/radar terms but no DOA or tracking terms.,Observability-Aware Active Calibration of Multisensor Extrinsics for Ground Robots via Online Trajectory Optimization,2025,IEEE Sensors Journal,10.1109/jsen.2025.3580427,,https://ieeexplore.ieee.org/stamp/stamp.jsp?arnumber=11048406,ieee_xplore_2026-02-19_06-02-26.csv,"Accurate calibration of sensor extrinsic parameters for ground robotic systems (i.e., relative poses) is crucial for ensuring spatial alignment and achieving high-performance perception. However, existing calibration methods typically require complex and often human-operated proc..."
EXCLUDE,E_NOT_DOA,No DOA/AoA/array context in title/abstract.,Multi-Object Recognition Method Inspired by Multimodal Information Processing in the Human Brain,2022,2022 IEEE Globecom Workshops (GC Wkshps),10.1109/gcwkshps56602.2022.10008732,,https://ieeexplore.ieee.org/stamp/stamp.jsp?arnumber=10008732,ieee_xplore_2026-02-19_06-02-26.csv,"In order to realize the Digital Twin, it is necessary to instantly understand various objects existing in the real world through various sensor devices. In recent years, the development of machine learning technologies such as a convolutional neural network has been remarkable, a..."
EXCLUDE,E_NOT_DOA,No DOA/AoA/array context in title/abstract.,Multi-Robot Synergistic Localization in Dynamic Environments,2022,ISR Europe 2022; 54th International Symposium on Robotics,,,https://ieeexplore.ieee.org/stamp/stamp.jsp?arnumber=9861805,ieee_xplore_2026-02-19_06-02-26.csv,"A mobile robot’s precise location information is critical for navigation and task processing, especially for a multi-robot system (MRS) to collaborate and collect valuable data from the field. However, a robot in situations where it does not have access to GPS signals, such as in..."
EXCLUDE,E_NOT_DOA,No DOA/AoA/array context in title/abstract.,Programme,2021,"2021 IEEE International Conference on Signal Processing, Communications and Computing (ICSPCC)",10.1109/icspcc52875.2021.9564992,,https://ieeexplore.ieee.org/stamp/stamp.jsp?arnumber=9564992,ieee_xplore_2026-02-19_06-02-26.csv,Presents abstracts for the articles comprising the conference proceedings.
EXCLUDE,E_NOT_DOA,No DOA/AoA/array context in title/abstract.,Abstracts,2019,2019 IEEE Radar Conference (RadarConf),10.1109/radar.2019.8835747,,https://ieeexplore.ieee.org/stamp/stamp.jsp?arnumber=8835747,ieee_xplore_2026-02-19_06-02-26.csv,Presents abstracts for the articles comprising the conference proceedings.
EXCLUDE,E_NOT_DOA,No DOA/AoA/array context in title/abstract.,Realtime Object Recognition Method Inspired by Multimodal Information Processing in the Brain for Distributed Digital Twin Systems,2022,2022 International Wireless Communications and Mobile Computing (IWCMC),10.1109/iwcmc55113.2022.9825068,,https://ieeexplore.ieee.org/stamp/stamp.jsp?arnumber=9825068,ieee_xplore_2026-02-19_06-02-26.csv,"Recently, digital twins have been paid much attention as a major application towards Beyond 5G/6G network, and real-time object recognition methods are key technology to digitize the real world as a digital twin. However, it is challenging to make a fast and accurate decision on ..."
EXCLUDE,E_NOT_DOA,No DOA/AoA/array context in title/abstract.,Abstracts,2018,2018 IEEE Radar Conference (RadarConf18),10.1109/radar.2018.8378513,,https://ieeexplore.ieee.org/stamp/stamp.jsp?arnumber=8378513,ieee_xplore_2026-02-19_06-02-26.csv,Presents abstracts for the articles comprising this issue of the publication.
EXCLUDE,E_NOT_DOA,No DOA/AoA/array context in title/abstract.,Indoor Pedestrian Positioning Method Based on Pelvic Motion Model Using Inertial Sensors,2020,2020 IEEE International Conference on Mechatronics and Automation (ICMA),10.1109/icma49215.2020.9233722,,https://ieeexplore.ieee.org/stamp/stamp.jsp?arnumber=9233722,ieee_xplore_2026-02-19_06-02-26.csv,Indoor positioning technology has been widespreadly studied by researchers at home and abroad. The sensor located at pelvis is used to estimate the location of human by acceleration. The existence of the acceleration error will lead to the increasing position error after double i...
EXCLUDE,E_ARRAY_NO_DOA_TRACK,Array/radar terms but no DOA or tracking terms.,Joint Waveform and Guidance Control Optimization for Target Rendezvous,2019,IEEE Transactions on Signal Processing,10.1109/tsp.2019.2929951,,https://ieeexplore.ieee.org/stamp/stamp.jsp?arnumber=8767925,ieee_xplore_2026-02-19_06-02-26.csv,The algorithm developed in this paper jointly selects the optimal transmitted waveform and the control input so that a radar sensor on a moving platform with linear dynamics can reach a target by minimizing a predefined cost. The cost proposed in this paper accounts for the energ...
EXCLUDE,E_NOT_DOA,No DOA/AoA/array context in title/abstract.,Latest Trends and Future Directions of Localization Algorithms in Wireless Sensor Networks,2019,2019 6th International Conference on Computing for Sustainable Global Development (INDIACom),,,https://ieeexplore.ieee.org/stamp/stamp.jsp?arnumber=8991348,ieee_xplore_2026-02-19_06-02-26.csv,"The need for sensor node localization becomes a vital task for wireless sensor networks (WSNs), due to repeatedly growing of WSNs technology. Global position system (GPS) - based sensor node localization provides accurate location, but at the same time undesirably lead to increas..."
EXCLUDE,E_NOT_DOA,No DOA/AoA/array context in title/abstract.,"A Survey on Security of Automatic Dependent Surveillance-Broadcast (ADS-B) Protocol: Challenges, Potential Solutions, and Future Directions",2025,IEEE Communications Surveys & Tutorials,10.1109/comst.2024.3513213,,https://ieeexplore.ieee.org/stamp/stamp.jsp?arnumber=10783027,ieee_xplore_2026-02-19_06-02-26.csv,"This work delves into critical examination of the broadcast data safety of Automatic Dependent Surveillance-Broadcast (ADS-B) system, an essential protocol for aircraft identification and navigation. Globally mandated by civil aviation regulatory bodies, ADS-B plays a pivotal rol..."
INCLUDE,I_DOA_TRACK,Mentions DOA/AoA and tracking (Kalman/EKF/UKF/innovation).,3D Source Tracking Using a Position-Unknown AOA Sensor with Measurement Drift and UAV Moving Direction Optimization,2024,2024 IEEE International Conference on Real-time Computing and Robotics (RCAR),10.1109/rcar61438.2024.10670780,,https://ieeexplore.ieee.org/stamp/stamp.jsp?arnumber=10670780,ieee_xplore_2026-02-19_06-02-26.csv,"This work solves the angle-of-arrival (AOA) source tracking problem in 3-dimensional (3D) space utilizing a position-unknown unmanned aerial vehicle (UAV). An AOA sensor is carried by a mobile UAV, and the conventional self-positioning module, such as the global positioning syste..."
REVIEW,R_DOA_ONLY,Mentions DOA/AoA but no explicit Kalman/tracking terms; review.,Research on Indoor Positioning System Based on BLE-AOA/ UWB Technology,2022,2022 41st Chinese Control Conference (CCC),10.23919/ccc55666.2022.9902552,,https://ieeexplore.ieee.org/stamp/stamp.jsp?arnumber=9902552,ieee_xplore_2026-02-19_06-02-26.csv,"With the development of modern industrialization, intelligence and the rise of the Internet of Things, people's demand for indoor positioning services is increasing. Different from the outdoor environment, the indoor environment contains different types of obstacles, and differen..."
REVIEW,R_TRACK_ARRAY,Tracking terms with array/radar context; DOA not explicit.,Target Tracking with a Flexible UAV Cluster Array,2016,2016 IEEE Globecom Workshops (GC Wkshps),10.1109/glocomw.2016.7849056,,https://ieeexplore.ieee.org/stamp/stamp.jsp?arnumber=7849056,ieee_xplore_2026-02-19_06-02-26.csv,"Unmanned aerial vehicle (UAV) cluster applications, for tasks such as target localisation and tracking, are required to collect and utilise the data received on ""flexible"" sensor arrays, where the sensors, i.e. UAVs in this scenario, have time-variant positions. In this paper, us..."
REVIEW,R_TRACK_ARRAY,Tracking terms with array/radar context; DOA not explicit.,An Enhanced Self-Motion Estimation Method based on mmWave Radar and IMU Data Fusion,2024,2024 IEEE 17th International Conference on Signal Processing (ICSP),10.1109/icsp62129.2024.10846051,,https://ieeexplore.ieee.org/stamp/stamp.jsp?arnumber=10846051,ieee_xplore_2026-02-19_06-02-26.csv,"An enhanced self-motion estimation method based on millimeter Wave (mmWave) radar and Inertial Measurement Unit (IMU) data fusion is proposed in this study, using a modified Extended Kalman Filter (EKF). Since the instrument error is inevitable in traditional Inertial Navigation ..."
EXCLUDE,E_NOT_DOA,No DOA/AoA/array context in title/abstract.,A 2D multilateration algorithm used for air traffic localization and tracking,2018,2018 35th National Radio Science Conference (NRSC),10.1109/nrsc.2018.8354364,,https://ieeexplore.ieee.org/stamp/stamp.jsp?arnumber=8354364,ieee_xplore_2026-02-19_06-02-26.csv,"Space capacity and safety of Airspace Surveillance Systems are regularly increasing to meet the demands of air traffic control. Researchers are interested in many directions like optimal sensors deployment, localization and tracking algorithms. Thus, a 2-D Multilateration algorit..."
EXCLUDE,E_NOT_DOA,No DOA/AoA/array context in title/abstract.,Concurrent Bidirectional TDoA Positioning in UWB Network With Free-Running Clocks,2022,IEEE Transactions on Aerospace and Electronic Systems,10.1109/taes.2022.3161895,,https://ieeexplore.ieee.org/stamp/stamp.jsp?arnumber=9740485,ieee_xplore_2026-02-19_06-02-26.csv,"This article proposes an approach of time-difference-of-arrival (TDoA) positioning in ultrawideband networks, where user tags localize themselves by means of the exploitation of the broadcasted synchronization messages of the anchor network. Such an approach promises an unlimited..."
EXCLUDE,E_NOT_DOA,No DOA/AoA/array context in title/abstract.,EKF SLAM using acoustic sources for autonomous underwater vehicle equipped with two hydrophones,2016,OCEANS 2016 MTS/IEEE Monterey,10.1109/oceans.2016.7761439,,https://ieeexplore.ieee.org/stamp/stamp.jsp?arnumber=7761439,ieee_xplore_2026-02-19_06-02-26.csv,Development of localization method is crucial for underwater vehicles to navigate in underwater environments. This paper presents a method of localization for underwater vehicles using acoustic signal. Artificial underwater acoustic sources are used as landmarks in underwater env...
REVIEW,R_TRACK_ARRAY,Tracking terms with array/radar context; DOA not explicit.,Predictive Beam Tracking with Cooperative Sensing for Vehicle-to-Infrastructure Communications,2021,2021 IEEE/CIC International Conference on Communications in China (ICCC),10.1109/iccc52777.2021.9580311,,https://ieeexplore.ieee.org/stamp/stamp.jsp?arnumber=9580311,ieee_xplore_2026-02-19_06-02-26.csv,"Beam alignment is a critical issue for millimeter wave (mmWave) communication in high-mobility vehicular scenarios. In order to enhance the beam alignment performance, in this article, we investigate a dual-functional radar-communication system where the intelligent vehicle can a..."
REVIEW,R_TRACK_ARRAY,Tracking terms with array/radar context; DOA not explicit.,Audio-visual tracking by density approximation in a sequential Bayesian filtering framework,2017,2017 Hands-free Speech Communications and Microphone Arrays (HSCMA),10.1109/hscma.2017.7895564,,https://ieeexplore.ieee.org/stamp/stamp.jsp?arnumber=7895564,ieee_xplore_2026-02-19_06-02-26.csv,This paper proposes a novel audio-visual tracking approach that exploits constructively audio and visual modalities in order to estimate trajectories of multiple people in a joint state space. The tracking problem is modeled using a sequential Bayesian filtering framework. Within...
EXCLUDE,E_NOT_DOA,No DOA/AoA/array context in title/abstract.,Single‐Satellite Geolocation System Based on Direction Finding,2014,Space Electronic Reconnaissance: Localization Theories and Methods,10.1002/9781118542200.ch3,,https://ieeexplore.ieee.org/xpl/ebooks/bookPdfWithBanner.jsp?fileName=8044054.pdf&bkn=8040288&pdfType=chapter,ieee_xplore_2026-02-19_06-02-26.csv,This chapter introduces several direction finding techniques firstly. Then the geolocation methods for emitter on earth using line of sight(LOS) by a single low earth orbit(LEO) and high earth orbit(HEO) satellite are proposed. Several multiple‐time statistical geolocation method...
EXCLUDE,E_NOT_DOA,No DOA/AoA/array context in title/abstract.,Underwater Moving Object Localization by TOA and FOA Modeled With Isogradient Sound Speed Profile,2025,IEEE Transactions on Aerospace and Electronic Systems,10.1109/taes.2024.3509396,,https://ieeexplore.ieee.org/stamp/stamp.jsp?arnumber=10771993,ieee_xplore_2026-02-19_06-02-26.csv,"The complicated acoustic propagation environment poses a great challenge to underwater localization. In this article, we address the underwater moving object self-localization problem in position and velocity using the hybrid time-of-arrival (TOA) and frequency-of-arrival (FOA) m..."
EXCLUDE,E_NOT_DOA,No DOA/AoA/array context in title/abstract.,An Experimental Assessment of 5G Uplink Ranging,2024,2024 IEEE International Workshop on Metrology for Industry 4.0 & IoT (MetroInd4.0 & IoT),10.1109/metroind4.0iot61288.2024.10584167,,https://ieeexplore.ieee.org/stamp/stamp.jsp?arnumber=10584167,ieee_xplore_2026-02-19_06-02-26.csv,Positioning is one of the most promising feature of the latest fifth generation (5G) standard for mobile communications. Positioning functionalities can exploit both the uplink (UL) and downlink (DL) communication direction. While most of the research efforts are devoted to DL po...
REVIEW,R_TRACK_ARRAY,Tracking terms with array/radar context; DOA not explicit.,Indoor Drone Localization and Tracking Based on Acoustic Inertial Measurement,2024,IEEE Transactions on Mobile Computing,10.1109/tmc.2023.3335860,,https://ieeexplore.ieee.org/stamp/stamp.jsp?arnumber=10330603,ieee_xplore_2026-02-19_06-02-26.csv,"We present Acoustic Inertial Measurement (${\sf AIM}$AIM), a one-of-a-kind technique for indoor drone localization and tracking. Indoor drone localization and tracking are arguably a crucial, yet unsolved challenge: in GPS-denied environments, existing approaches enjoy limited ap..."
EXCLUDE,E_ARRAY_NO_DOA_TRACK,Array/radar terms but no DOA or tracking terms.,"Electronic Warfare Target Location Methods, Second Edition",2012,"Electronic Warfare Target Location Methods, Second Edition",,,https://ieeexplore.ieee.org/xpl/ebooks/bookPdfWithBanner.jsp?fileName=9100306.pdf&bkn=9100306&pdfType=book,ieee_xplore_2026-02-19_06-02-26.csv,"Describing the mathematical development underlying current and classical methods of geolocating electronic systems that are emitting, this newly revised and greatly expanded edition of a classic Artech House book offers practical guidance in electronic warfare target location. Th..."
EXCLUDE,E_NOT_DOA,No DOA/AoA/array context in title/abstract.,Pedestrian Tracking by Acoustic Doppler Effects,2019,IEEE Sensors Journal,10.1109/jsen.2019.2895156,,https://ieeexplore.ieee.org/stamp/stamp.jsp?arnumber=8626162,ieee_xplore_2026-02-19_06-02-26.csv,"Localization is the foundation of location-based services and has received considerable attention recently. Pedestrian dead-reckoning (PDR) systems are widely used to infer user positions. However, a main problem is that the errors may easily accumulate during multiple integratio..."
EXCLUDE,E_NOT_DOA,No DOA/AoA/array context in title/abstract.,Statistical Multisource-Multitarget Information Fusion,2007,Statistical Multisource-Multitarget Information Fusion,,,https://ieeexplore.ieee.org/xpl/ebooks/bookPdfWithBanner.jsp?fileName=9100524.pdf&bkn=9100524&pdfType=book,ieee_xplore_2026-02-19_06-02-26.csv,"This comprehensive resource provides you with an in-depth understanding of finite-set statistics (FISST) - a recently developed method which unifies much of information fusion under a single probabilistic, in fact Bayesian, paradigm. The book helps you master FISST concepts, tech..."
EXCLUDE,E_NOT_DOA,No DOA/AoA/array context in title/abstract.,Localization Techniques in Sensor Networks-an Insight,2017,2017 IEEE International Conference on Computational Intelligence and Computing Research (ICCIC),10.1109/iccic.2017.8524542,,https://ieeexplore.ieee.org/stamp/stamp.jsp?arnumber=8524542,ieee_xplore_2026-02-19_06-02-26.csv,"Todays Sensor Networks collect and transport huge data to the cloud. The collected data should be tagged to the location for making it more sensible informative. To fulfill the objective, the sensor nodes should be aware of its location and the process of obtaining is named as lo..."
EXCLUDE,E_ARRAY_NO_DOA_TRACK,Array/radar terms but no DOA or tracking terms.,NS-FDA-MIMO System With RIS for Single-Anchor Localization,2026,IEEE Transactions on Wireless Communications,10.1109/twc.2025.3621303,,https://ieeexplore.ieee.org/stamp/stamp.jsp?arnumber=11212833,ieee_xplore_2026-02-19_06-02-26.csv,"Recent years have witnessed the development of single-anchor localization (SAL) in the fifth generation (5G) positioning for its high convenience and low cost. Accurate range estimation is essential to SAL, but is constrained by limited bandwidth and disturbed by synchronization ..."
INCLUDE,I_DOA_TRACK,Mentions DOA/AoA and tracking (Kalman/EKF/UKF/innovation).,Local carrier-based precision approach and landing system,2016,2016 IEEE 55th Conference on Decision and Control (CDC),10.1109/cdc.2016.7799236,,https://ieeexplore.ieee.org/stamp/stamp.jsp?arnumber=7799236,ieee_xplore_2026-02-19_06-02-26.csv,Preliminary results on the design of a precision positioning system for planes landing on an aircraft carrier in the absence of Global Positioning System (GPS) are discussed. This system relies on a set of radio transmitters similar to GPS satellite transmitters that are placed o...
INCLUDE,I_DOA_TRACK,Mentions DOA/AoA and tracking (Kalman/EKF/UKF/innovation).,Toward Reliable Indoor Tracking Based on Motion Features and Multipath-Assisted,2022,IEEE Sensors Journal,10.1109/jsen.2022.3208836,,https://ieeexplore.ieee.org/stamp/stamp.jsp?arnumber=9905967,ieee_xplore_2026-02-19_06-02-26.csv,"Recently, indoor target localization and tracking with only one access point (AP) have attracted significant attention in wireless sensor networks (WSNs). Despite much research in this field, a universal and accurate solution is still rare in reality. To this end, we propose a sy..."
EXCLUDE,E_NOT_DOA,No DOA/AoA/array context in title/abstract.,A DSRC-Based Vehicular Positioning Enhancement Using a Distributed Multiple-Model Kalman Filter,2016,IEEE Access,10.1109/access.2016.2630708,,https://ieeexplore.ieee.org/stamp/stamp.jsp?arnumber=7748534,ieee_xplore_2026-02-19_06-02-26.csv,"Some inherent shortcomings of the global positioning systems (GPSs), such as limited accuracy and availability, limit the positioning performance of a vehicular location system in urban harsh environments. This motivates the development of cooperative positioning (CP) methods bas..."
EXCLUDE,E_NOT_DOA,No DOA/AoA/array context in title/abstract.,Efficiency Improvement for Path Detection and Tracking Algorithm in a Time-Varying Channel,2015,2015 IEEE 82nd Vehicular Technology Conference (VTC2015-Fall),10.1109/vtcfall.2015.7390911,,https://ieeexplore.ieee.org/stamp/stamp.jsp?arnumber=7390911,ieee_xplore_2026-02-19_06-02-26.csv,"This paper revisits estimation and tracking of channel parameters of multiple-input multiple-output (MIMO) systems. Since initialization of channel parameters has always been regarded as a computationally complex problem, we develop a new parameter initialization method that expl..."
EXCLUDE,E_NOT_DOA,No DOA/AoA/array context in title/abstract.,Micro-bathymetry data acquisition for 3D reconstruction of objects on the sea floor,2017,OCEANS 2017 - Aberdeen,10.1109/oceanse.2017.8084735,,https://ieeexplore.ieee.org/stamp/stamp.jsp?arnumber=8084735,ieee_xplore_2026-02-19_06-02-26.csv,"This paper describes an effort to capture micro-bathymetry data for the end purpose of 3D object reconstruction, using an AUV-borne multibeam echo sounder. Due to the combination of relatively narrow across-track coverage and the navigation error of the vehicle, there is little g..."
REVIEW,R_TRACK_ARRAY,Tracking terms with array/radar context; DOA not explicit.,Fast Beam Tracking based on 28 GHz mmWave Phased Array: Algorithm and Prototype Experiment,2024,2024 IEEE/CIC International Conference on Communications in China (ICCC),10.1109/iccc62479.2024.10681764,,https://ieeexplore.ieee.org/stamp/stamp.jsp?arnumber=10681764,ieee_xplore_2026-02-19_06-02-26.csv,"The spectrum advantage of millimeter wave (mmWave) can support large-bandwidth and high-rate transmission for B5G/6G. However, the penetration losses and significant atmospheric absorption make beamforming and beam tracking critical in mobile scenarios. Based on the beamforming a..."
EXCLUDE,E_NOT_DOA,No DOA/AoA/array context in title/abstract.,Design and Validation of Tunnel Positioning Scheme Based on BeiDou Pseudo-Satellite System,2024,"2024 5th International Seminar on Artificial Intelligence, Networking and Information Technology (AINIT)",10.1109/ainit61980.2024.10581763,,https://ieeexplore.ieee.org/stamp/stamp.jsp?arnumber=10581763,ieee_xplore_2026-02-19_06-02-26.csv,"In order to achieve better tunnel operation and management and meet the practical requirements of tunnel positioning, this paper proposes a tunnel positioning scheme based on the BeiDou Navigation Satellite System (BDS). The scheme adapts the existing BDS receiver hardware platfo..."
REVIEW,R_TRACK_ARRAY,Tracking terms with array/radar context; DOA not explicit.,Cognitive tracking in IEEE 802.22 Symbiotic Radars,2016,2016 24th European Signal Processing Conference (EUSIPCO),10.1109/eusipco.2016.7760641,,https://ieeexplore.ieee.org/stamp/stamp.jsp?arnumber=7760641,ieee_xplore_2026-02-19_06-02-26.csv,"This paper focuses on a Symbiotic Radar, that is a Passive Radar which is an integral part of a communication network. The Symbiotic Radar exploits the signals of opportunity emitted by the Base Station (BS) and the Customer Premise Equipments (CPE) of an IEEE 802.22 WRAN. The ra..."
REVIEW,R_TRACK_ARRAY,Tracking terms with array/radar context; DOA not explicit.,Investigation on Plot-Based Localization and Tracking in Multi-Static Passive Radars,2024,2024 International Radar Symposium (IRS),,,https://ieeexplore.ieee.org/stamp/stamp.jsp?arnumber=10644923,ieee_xplore_2026-02-19_06-02-26.csv,"This study introduces a novel approach for target localization and tracking in passive radar systems, emphasizing the direct utilization of plots without the intermediate step of bistatic tracking filter application. This methodology aims to enhance the probability of early targe..."
EXCLUDE,E_NOT_DOA,No DOA/AoA/array context in title/abstract.,Emotion Estimation in Crowds: The Interplay of Motivations and Expectations in Individual Emotions,2018,2018 26th European Signal Processing Conference (EUSIPCO),10.23919/eusipco.2018.8553370,,https://ieeexplore.ieee.org/stamp/stamp.jsp?arnumber=8553370,ieee_xplore_2026-02-19_06-02-26.csv,Providing an estimation of the emotional states of individuals increases the insights on the state of a crowd beyond simple normal/abnormal situations or behaviour classification. Methods intended for identifying emotions in individuals are mainly based on facial and body express...
REVIEW,R_TRACK_ARRAY,Tracking terms with array/radar context; DOA not explicit.,Beam tracking between LEO satellites for mmWave communications,2024,MILCOM 2024 - 2024 IEEE Military Communications Conference (MILCOM),10.1109/milcom61039.2024.10773985,,https://ieeexplore.ieee.org/stamp/stamp.jsp?arnumber=10773985,ieee_xplore_2026-02-19_06-02-26.csv,"Beam tracking is a necessary feature of RF based inter-satellite communication for low-Earth orbit (LEO) satellites. However it is not obvious how best to achieve beam tracking given constraints of computational resources and finite antenna size, which limits the precision with w..."
REVIEW,R_TRACK_ARRAY,Tracking terms with array/radar context; DOA not explicit.,Adaptive Resilience Navigation Filter for Detecting and Mitigating Multispoofing Attacks in Range-Based Localization Systems Using Antenna Arrays,2025,IEEE Transactions on Aerospace and Electronic Systems,10.1109/taes.2025.3534422,,https://ieeexplore.ieee.org/stamp/stamp.jsp?arnumber=10854643,ieee_xplore_2026-02-19_06-02-26.csv,"Ensuring the integrity of range-based localization systems is crucial, particularly due to their pervasive use in critical civilian and military applications and their vulnerability to sophisticated spoofing attacks. Among these, multispoofer attacks, involving coordinated and st..."
EXCLUDE,E_NOT_DOA,No DOA/AoA/array context in title/abstract.,Sequential filtering applied to multi-beam echo-sounding,2016,OCEANS 2016 - Shanghai,10.1109/oceansap.2016.7485660,,https://ieeexplore.ieee.org/stamp/stamp.jsp?arnumber=7485660,ieee_xplore_2026-02-19_06-02-26.csv,"A precise ocean bottom map is often desired for ocean surveying. To meet the demand, the multi-beam echo sounder (MBES) has been developed and commonly used. An MBES usually forms multiple receiving beams across-track first, then determines the bottom echo time for each beam, and..."
EXCLUDE,E_NOT_DOA,No DOA/AoA/array context in title/abstract.,Pedestrian Motion Tracking by Using Inertial Sensors on the Smartphone,2020,2020 IEEE/RSJ International Conference on Intelligent Robots and Systems (IROS),10.1109/iros45743.2020.9341173,,https://ieeexplore.ieee.org/stamp/stamp.jsp?arnumber=9341173,ieee_xplore_2026-02-19_06-02-26.csv,"Inertial Measurement Unit (IMU) has long been a dream for stable and reliable motion estimation, especially in indoor environments where GPS strength limits. In this paper, we propose a novel method for position and orientation estimation of a moving object only from a sequence o..."
INCLUDE,I_DOA_TRACK,Mentions DOA/AoA and tracking (Kalman/EKF/UKF/innovation).,Localization Sensor Error Measures and Analysis,2019,"Handbook of Position Location: Theory, Practice, and Advances",10.1002/9781119434610.ch2,,https://ieeexplore.ieee.org/xpl/ebooks/bookPdfWithBanner.jsp?fileName=8633800.pdf&bkn=8633728&pdfType=chapter,ieee_xplore_2026-02-19_06-02-26.csv,"Localization has diverse applications in navigation and robotics. This chapter investigates error in the state‐of‐art localization devices and methods. Examples of localization devices include global positioning systems (GPS), inertial navigation systems (INS), radar and light de..."
EXCLUDE,E_NOT_DOA,No DOA/AoA/array context in title/abstract.,Collaborative Position and Orientation Tracking in mmWave Vehicular Systems Exploiting V2I and V2V Links,2024,"2024 58th Asilomar Conference on Signals, Systems, and Computers",10.1109/ieeeconf60004.2024.10942730,,https://ieeexplore.ieee.org/stamp/stamp.jsp?arnumber=10942730,ieee_xplore_2026-02-19_06-02-26.csv,"In this paper, we provide a collaborative position tracking solution exploiting the parameters of vehicle-to-infrastructure (V2I) and vehicle-to-vehicle (V2V) links to significantly improve the localization accuracy of the vehicles in the group that are in non-line-of-sight (NLOS..."
EXCLUDE,E_NOT_DOA,No DOA/AoA/array context in title/abstract.,Autonomous orbit determination using pulsars and inter-satellite ranging for Mars orbiters,2018,2018 IEEE Aerospace Conference,10.1109/aero.2018.8396767,,https://ieeexplore.ieee.org/stamp/stamp.jsp?arnumber=8396767,ieee_xplore_2026-02-19_06-02-26.csv,"In this paper, an innovative method for autonomous orbit determining combining X-ray pulsar measurement and inter-satellite ranging during Mars orbiting phase is presented. The use of X-ray pulsar measurement which can provide the baseline direction information for the satellites..."
EXCLUDE,E_NOT_DOA,No DOA/AoA/array context in title/abstract.,"Bluetooth Localization Technology: Principles, Applications, and Future Trends",2022,IEEE Internet of Things Journal,10.1109/jiot.2022.3203414,,https://ieeexplore.ieee.org/stamp/stamp.jsp?arnumber=9878154,ieee_xplore_2026-02-19_06-02-26.csv,"The rapid development of the Bluetooth technology offers a possible solution for indoor localization scenarios. Compared with other indoor localization technologies, such as vision, light detection and ranging, ultrawide band, etc., Bluetooth has been characterized by low cost, e..."
EXCLUDE,E_NOT_DOA,No DOA/AoA/array context in title/abstract.,Localization Systems Repository: A Platform for Open-source Localization Systems and Datasets,2019,2019 International Conference on Indoor Positioning and Indoor Navigation (IPIN),10.1109/ipin.2019.8911748,,https://ieeexplore.ieee.org/stamp/stamp.jsp?arnumber=8911748,ieee_xplore_2026-02-19_06-02-26.csv,"Although research in the field of indoor localization has been fruitful and abundant, the research space is currently disorganised, which hinders progress. With many indoor localization solutions proposed over the years, only few have their code and datasets publicly available. M..."
REVIEW,R_TRACK_ARRAY,Tracking terms with array/radar context; DOA not explicit.,Realization of 3D coordinate estimation for spaceborne interferometric antenna,2025,Journal of Systems Engineering and Electronics,10.23919/jsee.2025.000055,,https://ieeexplore.ieee.org/stamp/stamp.jsp?arnumber=11087737,ieee_xplore_2026-02-19_06-02-26.csv,This paper introduces a hybrid configuration design to enhance the precision of satellite antenna position measurement. By fixing the circular array antenna on the antenna mounting surface and integrating coordinate system transformation relationships with interferometric directi...
EXCLUDE,E_NOT_DOA,No DOA/AoA/array context in title/abstract.,Single Anchor-Based Infrastructure-less Localization Performance using UWB Radios,2024,2024 20th International Conference on Distributed Computing in Smart Systems and the Internet of Things (DCOSS-IoT),10.1109/dcoss-iot61029.2024.00100,,https://ieeexplore.ieee.org/stamp/stamp.jsp?arnumber=10621545,ieee_xplore_2026-02-19_06-02-26.csv,"The paper discusses single anchor-based solutions for providing infrastructure-less localization using Ultra Wide Band (UWB) radios. The localization solution proposed in this paper comprises of two essential components: a fixed anchor node, which serves as the base station, and ..."
REVIEW,R_DOA_ONLY,Mentions DOA/AoA but no explicit Kalman/tracking terms; review.,ORION: Orientation estimation using commodity Wi-Fi,2017,2017 IEEE International Conference on Communications Workshops (ICC Workshops),10.1109/iccw.2017.7962827,,https://ieeexplore.ieee.org/stamp/stamp.jsp?arnumber=7962827,ieee_xplore_2026-02-19_06-02-26.csv,"With MIMO, Wi-Fi led the way to the adoption of antenna array signal processing techniques for fine-grained localization using commodity hardware. These techniques, previously exclusive to specific domains of applications, will spur interest to reach beyond localization, and now ..."
EXCLUDE,E_NOT_DOA,No DOA/AoA/array context in title/abstract.,A Gaussian Sum Filter for Pulsar Navigation: Processing Single Photon Arrival Time Measurements,2023,IEEE Transactions on Control Systems Technology,10.1109/tcst.2023.3265606,,https://ieeexplore.ieee.org/stamp/stamp.jsp?arnumber=10109982,ieee_xplore_2026-02-19_06-02-26.csv,"Pulsars are natural space navigation beacons. They provide navigation and timing information from multiple directions at all times. Pulsar navigation has been demonstrated using data collected from large X-ray telescopes. However, in order to make this technique practical for all..."
REVIEW,R_TRACK_ARRAY,Tracking terms with array/radar context; DOA not explicit.,ISAC Enabled Cooperative Detection for Cellular-Connected UAV Network,2025,IEEE Transactions on Wireless Communications,10.1109/twc.2024.3509978,,https://ieeexplore.ieee.org/stamp/stamp.jsp?arnumber=10791445,ieee_xplore_2026-02-19_06-02-26.csv,"The rapid development of low altitude Unmanned Aerial Vehicles (UAVs) as a new mode of transportation has injected a new driving force into the market development, but at the same time, unreported “black flight” UAVs have also created new risks in civil aviation safety, citizen p..."
EXCLUDE,E_NOT_DOA,No DOA/AoA/array context in title/abstract.,Optimal Design and Tracking Control of Low-Thrust Orbit Transfers Between Planar and Vertical Lyapunov Orbits,2024,IEEE Transactions on Aerospace and Electronic Systems,10.1109/taes.2024.3392168,,https://ieeexplore.ieee.org/stamp/stamp.jsp?arnumber=10506552,ieee_xplore_2026-02-19_06-02-26.csv,This article investigates the fuel-optimal transfer problem between planar and vertical Lyapunov orbits in cislunar space utilizing a low-thrust engine with variable specific impulse. The equations governing the motion of spacecraft with bounded specific impulse in the Earth–Moon...
EXCLUDE,E_NOT_DOA,No DOA/AoA/array context in title/abstract.,Performance Analysis of Robust Cooperative Positioning Based on GPS/UWB Integration for Connected Autonomous Vehicles,2023,IEEE Transactions on Intelligent Vehicles,10.1109/tiv.2022.3144341,,https://ieeexplore.ieee.org/stamp/stamp.jsp?arnumber=9689959,ieee_xplore_2026-02-19_06-02-26.csv,"The accurate position is a key requirement for autonomous vehicles. Although Global Navigation Satellite Systems (GNSS) are widely used in many applications, their performance is often disturbed, particularly in urban areas. Therefore, many studies consider multi-sensor integrati..."
REVIEW,R_TRACK_ARRAY,Tracking terms with array/radar context; DOA not explicit.,Tag Localization by Handheld UHF RFID Reader With Optical and RFID Landmarks,2023,IEEE Journal of Radio Frequency Identification,10.1109/jrfid.2023.3238822,,https://ieeexplore.ieee.org/stamp/stamp.jsp?arnumber=10024268,ieee_xplore_2026-02-19_06-02-26.csv,In this paper a prototype method for manual inventorying and real-time 3D localization of RFID tagged products by a low-cost handheld UHF RFID reader is introduced. The device is equipped with a UHF RFID reader and an optical camera. “ArUco” markers with RFID tags are placed at k...
EXCLUDE,E_NOT_DOA,No DOA/AoA/array context in title/abstract.,Bearing-only AUV tracking performance: The effect of uncertainty in underwater nodes position,2016,OCEANS 2016 MTS/IEEE Monterey,10.1109/oceans.2016.7761134,,https://ieeexplore.ieee.org/stamp/stamp.jsp?arnumber=7761134,ieee_xplore_2026-02-19_06-02-26.csv,We analyze a specific practical problem of bearing-only localization of a stationary target using noisy measurements from three sensors. It is well understood that the performance of any target position estimator is considerably influenced by the sensor-target geometry. The perfo...
REVIEW,R_TRACK_ARRAY,Tracking terms with array/radar context; DOA not explicit.,Positioning and Location-Aware Communications for Modern Railways with 5G New Radio,2019,IEEE Communications Magazine,10.1109/mcom.001.1800954,,https://ieeexplore.ieee.org/stamp/stamp.jsp?arnumber=8847221,ieee_xplore_2026-02-19_06-02-26.csv,"Providing high-capacity radio connectivity for high-speed trains (HSTs) is one of the most important use cases of emerging fifth generation (5G) New Radio (NR) networks. In this article, we show that 5G NR technology can also facilitate high-accuracy continuous localization and t..."
EXCLUDE,E_NOT_DOA,No DOA/AoA/array context in title/abstract.,Joint Real-Time Phase Shifter Network Calibration and Beam Tracking for mmWave Communication,2021,IEEE Wireless Communications Letters,10.1109/lwc.2021.3089426,,https://ieeexplore.ieee.org/stamp/stamp.jsp?arnumber=9454554,ieee_xplore_2026-02-19_06-02-26.csv,"The time-varying deviations of the phase shifter network (PSN) may cause significant performance degradation in the millimeter-wave (mmWave) multiuser communication system, especially when serving fast-moving users. In this letter, we propose an efficient joint real-time phase sh..."
EXCLUDE,E_NOT_DOA,No DOA/AoA/array context in title/abstract.,A mobile Wi-Fi and IMU head-tracking system for auralization in XR,2025,2025 IEEE 6th International Symposium on the Internet of Sounds (IS2),10.1109/is264627.2025.11284664,,https://ieeexplore.ieee.org/stamp/stamp.jsp?arnumber=11284664,ieee_xplore_2026-02-19_06-02-26.csv,"Head-Tracking systems play a crucial role in various fields such as augmented reality, gaming, and immersive audio. It is therefore essential for these systems to be as accurate as possible, in order to provide immersive experiences for the users. Specifically in the context of s..."
REVIEW,R_TRACK_ARRAY,Tracking terms with array/radar context; DOA not explicit.,Distributed wireless radar system with application to through the wall radar,2023,IET International Radar Conference (IRC 2023),10.1049/icp.2024.1046,,https://ieeexplore.ieee.org/stamp/stamp.jsp?arnumber=10562910,ieee_xplore_2026-02-19_06-02-26.csv,"Nowadays, distributed radar network system has become a hot research issue because its performance is superior to monostatic radar in target positioning accuracy, detection probability, detection range. The distributed radar network is made up of N(N>=2) active radar nodes, and e..."
REVIEW,R_TRACK_ARRAY,Tracking terms with array/radar context; DOA not explicit.,Tracking and Data Fusion in Joint Sensing and Communication Networks,2022,2022 IEEE Globecom Workshops (GC Wkshps),10.1109/gcwkshps56602.2022.10008569,,https://ieeexplore.ieee.org/stamp/stamp.jsp?arnumber=10008569,ieee_xplore_2026-02-19_06-02-26.csv,"In this paper, we consider a beyond-5G multiple-input multiple-output (MIMO) joint sensing and communication (JSC) system where the base stations (BSs) act as monostatic radars by exploiting the signal transmitted to the user equipments (UEs) through a multi-beam radiation patter..."
EXCLUDE,E_NOT_DOA,No DOA/AoA/array context in title/abstract.,Accurate indoor positioning by combining sensor fusion and obstruction compensation,2023,2023 13th International Conference on Indoor Positioning and Indoor Navigation (IPIN),10.1109/ipin57070.2023.10332536,,https://ieeexplore.ieee.org/stamp/stamp.jsp?arnumber=10332536,ieee_xplore_2026-02-19_06-02-26.csv,"Our dependency on Global Navigation Satellite System (GNSS) for getting directions, tracking items, locating friends, or getting maps of the world has increased tremendously over the last decade. However, as soon as we enter a building, the signal strength of the satellites is to..."
EXCLUDE,E_NOT_DOA,No DOA/AoA/array context in title/abstract.,"Unmodulated Visible-Light Positioning: A Deep-Dive Into Techniques, Studies, and Future Prospects",2025,IEEE Open Journal of the Communications Society,10.1109/ojcoms.2025.3628482,,https://ieeexplore.ieee.org/stamp/stamp.jsp?arnumber=11224707,ieee_xplore_2026-02-19_06-02-26.csv,"Visible Light Positioning (VLP) has emerged as a promising technology for next-generation indoor positioning systems (IPS), particularly within the scope of sixth-generation (6G) wireless networks. Its attractiveness stems from leveraging existing lighting infrastructures equippe..."
EXCLUDE,E_NOT_DOA,No DOA/AoA/array context in title/abstract.,3D millimeter-Wave Sensing vs Ultra-Wideband Positioning,2024,2024 14th International Conference on Indoor Positioning and Indoor Navigation (IPIN),10.1109/ipin62893.2024.10786158,,https://ieeexplore.ieee.org/stamp/stamp.jsp?arnumber=10786158,ieee_xplore_2026-02-19_06-02-26.csv,"Indoor positioning and sensing using millimeter-wave (mmWave) and Ultra-Wideband (UWB) technologies have garnered significant attention in the literature. While extensive research exists on 2 D positioning with these technologies, a notable gap remains in addressing 3D positionin..."
EXCLUDE,E_NOT_DOA,No DOA/AoA/array context in title/abstract.,Multi-Frequency Vector Tracking GNSS Receiver with Ionosphere Estimation,2025,"2025 IEEE/ION Position, Location and Navigation Symposium (PLANS)",10.1109/plans61210.2025.11028345,,https://ieeexplore.ieee.org/stamp/stamp.jsp?arnumber=11028345,ieee_xplore_2026-02-19_06-02-26.csv,"Position, velocity, and time (PVT) information is essential for a variety of applications. Global navigation satellite systems (GNSSs) are widely used for this purpose due to their global availability. However, the nearer receiver environment as well as atmospheric effects, espec..."
REVIEW,R_TRACK_ARRAY,Tracking terms with array/radar context; DOA not explicit.,Signal Processing for Passive Bistatic Radar,2019,Signal Processing for Passive Bistatic Radar,,,https://ieeexplore.ieee.org/xpl/ebooks/bookPdfWithBanner.jsp?fileName=9098788.pdf&bkn=9098788&pdfType=book,ieee_xplore_2026-02-19_06-02-26.csv,"This cutting-edge resource introduces the basic concepts of passive bistatic radar, such as bistatic geometry, bistatic radar equation and analysis of different illuminating signals. These techniques, although known for almost a century, have not been developed intensively for de..."
EXCLUDE,E_NOT_DOA,No DOA/AoA/array context in title/abstract.,"Leveraging the SAFRAN Skydel Capabilities as Low Earth Orbit Non-Cooperative SoOP Emulator, A Case Study for Iridium-Next Constellation",2025,2025 AIAA DATC/IEEE 44th Digital Avionics Systems Conference (DASC),10.1109/dasc66011.2025.11257280,,https://ieeexplore.ieee.org/stamp/stamp.jsp?arnumber=11257280,ieee_xplore_2026-02-19_06-02-26.csv,"Signals of Opportunity (SoOP) from Low-Earth-Orbit (LEO) constellations have emerged as a promising complement—and disruption-tolerant alternative—to GNSS for positioning, navigation and timing (PNT). Yet their laboratory emulation remains challenging because standard simulators ..."
EXCLUDE,E_NOT_DOA,No DOA/AoA/array context in title/abstract.,Ultra-Wideband Aided UAV Positioning Using Incremental Smoothing with Ranges and Multilateration,2020,2020 IEEE/RSJ International Conference on Intelligent Robots and Systems (IROS),10.1109/iros45743.2020.9341439,,https://ieeexplore.ieee.org/stamp/stamp.jsp?arnumber=9341439,ieee_xplore_2026-02-19_06-02-26.csv,"In this paper, we present a novel smoothing approach for ultra-wideband (UWB) aided unmanned aerial vehicle (UAV) positioning. Existing works based on smoothing or filtering estimate 3D position of UAV by updating a solution for each single 1D low-dimensional UWB range measuremen..."
EXCLUDE,E_ARRAY_NO_DOA_TRACK,Array/radar terms but no DOA or tracking terms.,3D Indoor Environment Charactirazation based on Radio Scanning: Initial Idea and Methodolgy,2019,2019 23rd International Conference on Applied Electromagnetics and Communications (ICECOM),10.1109/icecom48045.2019.9163656,,https://ieeexplore.ieee.org/stamp/stamp.jsp?arnumber=9163656,ieee_xplore_2026-02-19_06-02-26.csv,In this paper a novel idea of estimating the 3D geometry and building material of indoor environments is proposed. The idea is based on assumption that the received radio signal is distorted due to interaction with the surrounding objects and thus includes the signature of the ra...
EXCLUDE,E_NOT_DOA,No DOA/AoA/array context in title/abstract.,"Enhancing Worker Safety in Unmanned Agricultural Environments through the Integration of RFID, RTK, UWB, and LIDAR: Insights from Research Projects",2023,2023 8th International Conference on Smart and Sustainable Technologies (SpliTech),10.23919/splitech58164.2023.10193236,,https://ieeexplore.ieee.org/stamp/stamp.jsp?arnumber=10193236,ieee_xplore_2026-02-19_06-02-26.csv,"The ""SMARTGRID"" project, funded by the Italian National Institute for Insurance against Accidents at Work, integrates RFID tags and BLE devices to identify obstacles and workers within 10 meters of unmanned tractors, providing alerts and emergency stop procedures through an IoT i..."
EXCLUDE,E_ARRAY_NO_DOA_TRACK,Array/radar terms but no DOA or tracking terms.,Deinterleaving and Clustering Radar Pulse Trains via Gated Graph Convolution Deep Clustering,2025,2025 IEEE Radar Conference (RadarConf25),10.1109/radarconf2559087.2025.11205045,,https://ieeexplore.ieee.org/stamp/stamp.jsp?arnumber=11205045,ieee_xplore_2026-02-19_06-02-26.csv,This paper proposes a novel graph convolutional deep clustering approach for radar signal deinterleaving. The algorithm features an innovative PRI Frequency-Driven Adjacency Matrix Generation (PF-AMG) mechanism that constructs weighted graph structures by statistically analyzing ...
REVIEW,R_TRACK_ARRAY,Tracking terms with array/radar context; DOA not explicit.,An Introduction to Passive Radar,2017,An Introduction to Passive Radar,,,https://ieeexplore.ieee.org/xpl/ebooks/bookPdfWithBanner.jsp?fileName=9100082.pdf&bkn=9100082&pdfType=book,ieee_xplore_2026-02-19_06-02-26.csv,"Developed by recognized experts in the field, this first-of-its-kind resource introduces the basic principles of passive radar technology and provides an overview of recent developments in this field and existing real passive radar systems. This book explains how passive radar wo..."
REVIEW,R_DOA_ONLY,Mentions DOA/AoA but no explicit Kalman/tracking terms; review.,Emitter Detection and Geolocation for Electronic Warfare,2019,Emitter Detection and Geolocation for Electronic Warfare,,,https://ieeexplore.ieee.org/xpl/ebooks/bookPdfWithBanner.jsp?fileName=9098744.pdf&bkn=9098744&pdfType=book,ieee_xplore_2026-02-19_06-02-26.csv,"This comprehensive resource provides theoretical formulation for detecting and geolocating non-cooperative emitters. Implementation of geolocation algorithms are discussed, as well as performance prediction of a hypothetical passive location system for systems analysis or vulnera..."
INCLUDE,I_DOA_TRACK,Mentions DOA/AoA and tracking (Kalman/EKF/UKF/innovation).,Trajectory Poisson Multi-Bernoulli Mixture Filter for Traffic Monitoring Using a Drone,2024,IEEE Transactions on Vehicular Technology,10.1109/tvt.2023.3310742,,https://ieeexplore.ieee.org/stamp/stamp.jsp?arnumber=10236493,ieee_xplore_2026-02-19_06-02-26.csv,This article proposes a multi-object tracking (MOT) algorithm for traffic monitoring using a drone equipped with optical and thermal cameras. Object detections on the images are obtained using a neural network for each type of camera. The cameras are modelled as direction-of-arri...
EXCLUDE,E_NOT_DOA,No DOA/AoA/array context in title/abstract.,A brief review on the positioning technologies for unmanned aerial vehicles,2017,2017 IEEE International Conference on Unmanned Systems (ICUS),10.1109/icus.2017.8278402,,https://ieeexplore.ieee.org/stamp/stamp.jsp?arnumber=8278402,ieee_xplore_2026-02-19_06-02-26.csv,"The research of unmanned aerial vehicles (UAVs) is outburst in several areas, which has shown a great potential as a low-cost, flexible and reliable platform, and the positioning is one of the most important techniques in UAV filed include tracking and monitoring, sense and avoid..."
EXCLUDE,E_NOT_DOA,No DOA/AoA/array context in title/abstract.,Research on Mobile Robot Localization and Mapping Method for Underground Long-Narrow Tunnels,2022,2022 4th International Conference on Robotics and Computer Vision (ICRCV),10.1109/icrcv55858.2022.9953232,,https://ieeexplore.ieee.org/stamp/stamp.jsp?arnumber=9953232,ieee_xplore_2026-02-19_06-02-26.csv,"The underground roadway scene has few features, which is a typical degraded scene. The commonly used GPS localization methods on the ground can not be directly applied, which brings great challenges to the localization and mapping of mobile robots. This paper proposes to build a ..."
EXCLUDE,E_ARRAY_NO_DOA_TRACK,Array/radar terms but no DOA or tracking terms.,Clustering Based Multiple Hypothesis Multi-Target Localization,2017,2017 4th International Conference on Information Science and Control Engineering (ICISCE),10.1109/icisce.2017.190,,https://ieeexplore.ieee.org/stamp/stamp.jsp?arnumber=8110417,ieee_xplore_2026-02-19_06-02-26.csv,"Cooperative detection system, which combines selforganizing network and single radar system, improves the ability of cooperative localization by distributed multi-node using multi-direction scattering power of target. Multiplehypothesis (MH)-Based Algorithm for Target Localizatio..."
INCLUDE,I_DOA_TRACK,Mentions DOA/AoA and tracking (Kalman/EKF/UKF/innovation).,Detection and tracking of multiple targets using dual-frequency interferometric radar,2020,IET International Radar Conference (IET IRC 2020),10.1049/icp.2021.0646,,https://ieeexplore.ieee.org/stamp/stamp.jsp?arnumber=9545609,ieee_xplore_2026-02-19_06-02-26.csv,Multiple-target tracking (MTT) usually requires either a network of distributed radars at different locations or single radar installed with expensive phased arrays. The moving targets with small radial velocity cannot be localized/tracked in 2-D space using single Doppler radar ...
EXCLUDE,E_NOT_DOA,No DOA/AoA/array context in title/abstract.,Differential Carrier Phase Positioning With System Error Corrections Based on Orbcomm Signals of Opportunity,2025,IEEE Sensors Journal,10.1109/jsen.2025.3538567,,https://ieeexplore.ieee.org/stamp/stamp.jsp?arnumber=10879405,ieee_xplore_2026-02-19_06-02-26.csv,"Multiple epoch stationary positioning can be achieved using signals of opportunity (SOPs) from low-Earth-orbit (LEO) satellites when a global navigation satellite system (GNSS) is unavailable. Concurrently, the two-line element (TLE) and the simplified general perturbation 4 (SGP..."
EXCLUDE,E_NOT_DOA,No DOA/AoA/array context in title/abstract.,"Civilian GNSS Spoofing, Detection, and Recovery",2021,"Position, Navigation, and Timing Technologies in the 21st Century: Integrated Satellite Navigation, Sensor Systems, and Civil Applications",10.1002/9781119458449.ch25,,https://ieeexplore.ieee.org/xpl/ebooks/bookPdfWithBanner.jsp?fileName=9305038.pdf&bkn=9304973&pdfType=chapter,ieee_xplore_2026-02-19_06-02-26.csv,This chapter's goal is to report on the state of the body of research into spoofing and detection. It reviews the fundamental approaches that can be used for global navigation satellite system spoofing and spoofing detection. The chapter discusses progress in these areas and defi...
INCLUDE,I_DOA_TRACK,Mentions DOA/AoA and tracking (Kalman/EKF/UKF/innovation).,A Deep Learning Based Bluetooth Indoor Localization Algorithm by RSSI and AOA Feature Fusion,2022,"2022 International Conference on Computer, Information and Telecommunication Systems (CITS)",10.1109/cits55221.2022.9832985,,https://ieeexplore.ieee.org/stamp/stamp.jsp?arnumber=9832985,ieee_xplore_2026-02-19_06-02-26.csv,"With the development of the Internet of Things, location based services has received much attentions. Bluetooth 5.1 standard provides the Angle of Arrival (AOA) direction finding function, which opens a new approach for indoor Bluetooth localization. In this paper, a deep learnin..."
INCLUDE,I_DOA_TRACK,Mentions DOA/AoA and tracking (Kalman/EKF/UKF/innovation).,Wideband Multitarget Tracking Based on Dynamic Bayesian Network Learning in an Acoustic Sensor Array Network,2022,IEEE Internet of Things Journal,10.1109/jiot.2021.3108528,,https://ieeexplore.ieee.org/stamp/stamp.jsp?arnumber=9524819,ieee_xplore_2026-02-19_06-02-26.csv,"The multitarget tracking (MTT) based on distributed fusion methods in an acoustic sensor array network (ASAN) is limited by the performance of measurement parameter estimators, such as the received signal strength (RSS) and the direction of arrival (DOA). For measurement paramete..."
EXCLUDE,E_NOT_DOA,No DOA/AoA/array context in title/abstract.,Range and Bearing Estimations Using Trilateration Ultrawideband Tag for Range-Only Simultaneous Localization and Mapping,2025,IEEE Transactions on Industrial Electronics,10.1109/tie.2025.3589465,,https://ieeexplore.ieee.org/stamp/stamp.jsp?arnumber=11112542,ieee_xplore_2026-02-19_06-02-26.csv,This article presents a novel solution for the range-only simultaneous localization and mapping (RO-SLAM) that builds a map of the ultrawideband (UWB) anchors affixed to the unknown positions of the environment and localizes an autonomous mobile robot (AMR) at the same time. Dela...
EXCLUDE,E_NOT_DOA,No DOA/AoA/array context in title/abstract.,Collaborative Bearing Estimation Using Set Membership Methods,2023,2023 26th International Conference on Information Fusion (FUSION),10.23919/fusion52260.2023.10224173,,https://ieeexplore.ieee.org/stamp/stamp.jsp?arnumber=10224173,ieee_xplore_2026-02-19_06-02-26.csv,We consider the problem of collaborative bearing estimation using a method with historic roots in set theoretic estimation techniques. We refer to this method as the Convex Combination Ellipsoid (CCE) method and show that it provides a less conservative covariance estimate than t...
INCLUDE,I_DOA_TRACK,Mentions DOA/AoA and tracking (Kalman/EKF/UKF/innovation).,A New Local Polynomial Modeling Based Variable Forgetting Factor and Variable Regularized PAST Algorithm for Subspace Tracking,2018,IEEE Transactions on Aerospace and Electronic Systems,10.1109/taes.2018.2797780,,https://ieeexplore.ieee.org/stamp/stamp.jsp?arnumber=8268090,ieee_xplore_2026-02-19_06-02-26.csv,"This paper proposes a new local polynomial modeling based variable forgetting factor (VFF) and variable regularized (VR) projection approximation subspace tracking (PAST) algorithm, which is based on a novel VR-VFF recursive least squares (RLS) algorithm with multiple outputs. Th..."
REVIEW,R_TRACK_ARRAY,Tracking terms with array/radar context; DOA not explicit.,Beam Tracking for Distributed Millimeter-Wave MIMO-OFDM Systems with Unscented Particle Filter,2023,2023 IEEE 23rd International Conference on Communication Technology (ICCT),10.1109/icct59356.2023.10419589,,https://ieeexplore.ieee.org/stamp/stamp.jsp?arnumber=10419589,ieee_xplore_2026-02-19_06-02-26.csv,"In distributed millimeter-wave (mm-wave) multiple input multiple output orthogonal frequency division multiplexing (MIMO-OFDM) systems, the accurate and instantaneous beam direction is required to acquire high beamforming gain. Therefore, this study focuses on the tracking of ang..."
REVIEW,R_TRACK_ARRAY,Tracking terms with array/radar context; DOA not explicit.,Continuous Beam Alignment for Mobile MIMO,2024,IEEE Transactions on Wireless Communications,10.1109/twc.2023.3331259,,https://ieeexplore.ieee.org/stamp/stamp.jsp?arnumber=10319287,ieee_xplore_2026-02-19_06-02-26.csv,"Millimeter-wave transceivers use large antenna arrays to form narrow high-directional beams and overcome severe attenuation. Narrow beams require large signaling overhead to be aligned if no prior information about beam directions is available. Moreover, beams drift with time due..."
REVIEW,R_DOA_ONLY,Mentions DOA/AoA but no explicit Kalman/tracking terms; review.,Bayesian Joint Synchronization and Localization Based on Asymmetric Time-stamp Exchange,2020,"2020 International Symposium on Networks, Computers and Communications (ISNCC)",10.1109/isncc49221.2020.9297187,,https://ieeexplore.ieee.org/stamp/stamp.jsp?arnumber=9297187,ieee_xplore_2026-02-19_06-02-26.csv,"In this work, we study the joint synchronization and localization (sync&loc) of Mobile Nodes (MNs) in ultra dense networks. In particular, we deploy an asymmetric time-stamp exchange mechanism between the MNs and the Access Nodes (ANs), that, traditionally, provides us with infor..."
EXCLUDE,E_NOT_DOA,No DOA/AoA/array context in title/abstract.,A Study of Aircraft Positioning Precision in a MLAT Surveillance System with Different Flight Paths and Ground Station Layouts,2022,2022 XIX Technical Scientific Conference on Aviation Dedicated to the Memory of N.E. Zhukovsky (TSCZh),10.1109/tsczh55469.2022.9802457,,https://ieeexplore.ieee.org/stamp/stamp.jsp?arnumber=9802457,ieee_xplore_2026-02-19_06-02-26.csv,A promising direction in the evolution of air traffic control systems is the deployment of multilateration surveillance systems (MLAT) for aircraft positioning. Automatic dependent surveillance broadcast (ADS-B) systems are proposed as a communication technology for MLAT systems....
EXCLUDE,E_NOT_DOA,No DOA/AoA/array context in title/abstract.,Trajectory reconstruction algorithm based on sensor fusion between IMU and strain gauge for stand-alone digital pen,2016,2016 IEEE International Conference on Robotics and Biomimetics (ROBIO),10.1109/robio.2016.7866607,,https://ieeexplore.ieee.org/stamp/stamp.jsp?arnumber=7866607,ieee_xplore_2026-02-19_06-02-26.csv,"We aim to realize a novel pen based interface system that provides various digital operations for both low-tech and high-tech people. In this paper, we propose a novel sensor fusion method between IMUs (Inertial Measurement Unit) and strain gauges embedded on a pen device. By usi..."
EXCLUDE,E_ARRAY_NO_DOA_TRACK,Array/radar terms but no DOA or tracking terms.,Fully-Connected vs. Sub-Connected Hybrid Precoding Architectures for mmWave MU-MIMO,2019,ICC 2019 - 2019 IEEE International Conference on Communications (ICC),10.1109/icc.2019.8761521,,https://ieeexplore.ieee.org/stamp/stamp.jsp?arnumber=8761521,ieee_xplore_2026-02-19_06-02-26.csv,Hybrid digital analog (HDA) beamforming has attracted considerable attention in practical implementation of millimeter wave (mmWave) multiuser multiple-input multiple-output (MU-MIMO) systems due to its low power consumption with respect to its digital baseband counterpart. The i...
EXCLUDE,E_NOT_DOA,No DOA/AoA/array context in title/abstract.,Graph based cooperative localization using symmetric measurement equations and dedicated short range communication,2017,2017 IEEE International Conference on Multisensor Fusion and Integration for Intelligent Systems (MFI),10.1109/mfi.2017.8170395,,https://ieeexplore.ieee.org/stamp/stamp.jsp?arnumber=8170395,ieee_xplore_2026-02-19_06-02-26.csv,Safety is one of the critical challenges for a semi or fully automated driving assistance systems. One of the key parameters for a safe automated driving assistance system is precise localization of the self and surrounding vehicles. Our previous work demonstrated the use of Symm...
EXCLUDE,E_ARRAY_NO_DOA_TRACK,Array/radar terms but no DOA or tracking terms.,Observability and estimability of passive radar with unknown illuminator states using different observations,2020,Journal of Systems Engineering and Electronics,10.23919/jsee.2020.000092,,https://ieeexplore.ieee.org/stamp/stamp.jsp?arnumber=9316402,ieee_xplore_2026-02-19_06-02-26.csv,"Most existing studies about passive radar systems are based on the already known illuminator of opportunity (IO) states. However, in practice, the receiver generally has little knowledge about the IO states. Little research has studied this problem. This paper analyzes the observ..."
EXCLUDE,E_NOT_DOA,No DOA/AoA/array context in title/abstract.,UHF RFID Indoor Positioning System Using Multi-Base Stations and Laiyite-Gaussian Filtering,2023,"2023 International Conference on Sensing, Measurement & Data Analytics in the era of Artificial Intelligence (ICSMD)",10.1109/icsmd60522.2023.10490629,,https://ieeexplore.ieee.org/stamp/stamp.jsp?arnumber=10490629,ieee_xplore_2026-02-19_06-02-26.csv,"Thanks to the in-depth research of many scholars in the direction of Radio Frequency Identification (RFID), it has been commonly employed in the field of indoor localization. In shopping malls, car parks, libraries, and other large-scale indoor places, the localization scenarios ..."
EXCLUDE,E_NOT_DOA,No DOA/AoA/array context in title/abstract.,Forecast technique for identifying geographical location of nodes in MANETs,2015,"2015 International Conference on Computer, Communication and Control (IC4)",10.1109/ic4.2015.7375549,,https://ieeexplore.ieee.org/stamp/stamp.jsp?arnumber=7375549,ieee_xplore_2026-02-19_06-02-26.csv,"Today mobile ad-hoc network is become more popular and demanding in various applications such as emergency search operation, batter field areas etc. The reason is its economic configuration cost and infrastructure less characteristics. Additionally mobile ad-hoc network also has ..."
EXCLUDE,E_NOT_DOA,No DOA/AoA/array context in title/abstract.,Solar Flare TDOA Navigation Method Using Direct and Reflected Light for Mars Exploration,2017,IEEE Transactions on Aerospace and Electronic Systems,10.1109/taes.2017.2700958,,https://ieeexplore.ieee.org/stamp/stamp.jsp?arnumber=7919245,ieee_xplore_2026-02-19_06-02-26.csv,"In the capture period of deep space exploration, three traditional celestial navigation methods including the direction, velocity, and distance measurements cannot completely meet the requirement of navigation accuracy due to ephemeris errors. To solve this problem, considering t..."
EXCLUDE,E_NOT_DOA,No DOA/AoA/array context in title/abstract.,Development of Algorithm for Filtering the Parameters of Angular Orientation of the Object on Signals of GNSS,2025,"2025 7th International Youth Conference on Radio Electronics, Electrical and Power Engineering (REEPE)",10.1109/reepe63962.2025.10970954,,https://ieeexplore.ieee.org/stamp/stamp.jsp?arnumber=10970954,ieee_xplore_2026-02-19_06-02-26.csv,This article is dedicated to the development of two-stage algorithm for filtering the parameters of angular orientation of the object on radio signals of satellite navigation system. For implement such an algorithm the algorithms of quasi-optimal filtering in the Gaussian approxi...
EXCLUDE,E_NOT_DOA,No DOA/AoA/array context in title/abstract.,Device-Free Localization: A Review of Non-RF Techniques for Unobtrusive Indoor Positioning,2021,IEEE Internet of Things Journal,10.1109/jiot.2020.3030174,,https://ieeexplore.ieee.org/stamp/stamp.jsp?arnumber=9222087,ieee_xplore_2026-02-19_06-02-26.csv,"Accurate, reliable indoor localization or positioning is the key enabler for location-based services. Indoor localization can be broadly classified into two distinct categories. Active localization entails tracking a tag attached to or carried by the target. Passive localization,..."
EXCLUDE,E_NOT_DOA,No DOA/AoA/array context in title/abstract.,A low-cost room-level indoor localization system with easy setup for medical applications,2018,2018 11th IFIP Wireless and Mobile Networking Conference (WMNC),10.23919/wmnc.2018.8480912,,https://ieeexplore.ieee.org/stamp/stamp.jsp?arnumber=8480912,ieee_xplore_2026-02-19_06-02-26.csv,"Indoor localization systems have already wide applications for providing localized information and directions. They can also be very useful in medical applications, as an individual's indoor movements can be indicative of his/her clinical status. Research for indoor localization ..."
EXCLUDE,E_NOT_DOA,No DOA/AoA/array context in title/abstract.,"Positioning in 5G Networks: Emerging Techniques, Use Cases, and Challenges",2025,IEEE Internet of Things Journal,10.1109/jiot.2024.3487822,,https://ieeexplore.ieee.org/stamp/stamp.jsp?arnumber=10737444,ieee_xplore_2026-02-19_06-02-26.csv,"As 5G networks proliferate globally, the need for accurate, reliable, and scalable positioning solutions has become increasingly critical across industries, such as Internet of Things (IoT), healthcare, and autonomous systems. This article comprehensively reviews current and emer..."
EXCLUDE,E_NOT_DOA,No DOA/AoA/array context in title/abstract.,Semi-Sequential Probabilistic Model for Indoor Localization Enhancement,2020,IEEE Sensors Journal,10.1109/jsen.2020.2972850,,https://ieeexplore.ieee.org/stamp/stamp.jsp?arnumber=8988252,ieee_xplore_2026-02-19_06-02-26.csv,This paper proposes a semi-sequential probabilistic model (SSP) that applies an additional short term memory to enhance the performance of the probabilistic indoor localization. The conventional probabilistic methods normally treat the locations in the database indiscriminately. ...
REVIEW,R_TRACK_ARRAY,Tracking terms with array/radar context; DOA not explicit.,Energy-Angle Domain Initial Access and Beam Tracking in Millimeter Wave V2X Communications,2019,IEEE Access,10.1109/access.2019.2891251,,https://ieeexplore.ieee.org/stamp/stamp.jsp?arnumber=8604028,ieee_xplore_2026-02-19_06-02-26.csv,"With plentiful spectrum resources, millimeter-wave (mmWave) band has been the forefront candidate to enable the requirements of lower latency and faster data rate for future automotive systems. However, the incorporation of mmWave directional transmission and diversely vehicular ..."
INCLUDE,I_DOA_TRACK,Mentions DOA/AoA and tracking (Kalman/EKF/UKF/innovation).,Adaptive Beamwidth Control for mmWave Beam Tracking,2021,IEEE Communications Letters,10.1109/lcomm.2020.3022877,,https://ieeexplore.ieee.org/stamp/stamp.jsp?arnumber=9189808,ieee_xplore_2026-02-19_06-02-26.csv,"Traditional beam tracking has severe performance loss under the high mobility and narrow beam scenario. To alleviate the tracking performance degradation, we propose an adaptive beamwidth control for millimeter wave beam tracking. Using the particle filter, we perform the beam tr..."
EXCLUDE,E_NOT_DOA,No DOA/AoA/array context in title/abstract.,Positioning Methods,2024,Positioning and Location-based Analytics in 5G and Beyond,10.1002/9781119911463.ch2,,https://ieeexplore.ieee.org/xpl/ebooks/bookPdfWithBanner.jsp?fileName=10273054.pdf&bkn=10272983&pdfType=chapter,ieee_xplore_2026-02-19_06-02-26.csv,"This chapter introduces the main positioning methods, starting from the state‐of‐the‐art and following a statistical estimation perspective. This is followed by an in‐depth treatment of radio positioning, first focusing on device‐based positioning and then on device‐free position..."
EXCLUDE,E_NOT_DOA,No DOA/AoA/array context in title/abstract.,Extending the Stansfield Algorithm to Three Dimensions: Algorithms and Implementations,2018,IEEE Transactions on Signal Processing,10.1109/tsp.2017.2781641,,https://ieeexplore.ieee.org/stamp/stamp.jsp?arnumber=8170309,ieee_xplore_2026-02-19_06-02-26.csv,"The Stansfield algorithm is a well-known geolocation method for two-dimensional (2-D), azimuth-only bearing measurements of a stationary emitter. It is known to suffer from estimation bias, and its performance in terms of optimality criteria is unknown. Strategies that accurately..."
EXCLUDE,E_NOT_DOA,No DOA/AoA/array context in title/abstract.,A 3-D Indoor Positioning Method Fusing Relative Barometric Pressure and UWB Measurements,2025,IEEE Transactions on Instrumentation and Measurement,10.1109/tim.2025.3550953,,https://ieeexplore.ieee.org/stamp/stamp.jsp?arnumber=10925841,ieee_xplore_2026-02-19_06-02-26.csv,"In recent years, the indoor positioning technology has garnered considerable attention, with the demands for precision in indoor localization escalating progressively. It is well known that ultrawideband (UWB) is widely used in various scenarios for its advantages of high precisi..."
EXCLUDE,E_NOT_DOA,No DOA/AoA/array context in title/abstract.,Optimal formation of cooperative multiple UAVs for enhancing passive target tracking performance,2016,IECON 2016 - 42nd Annual Conference of the IEEE Industrial Electronics Society,10.1109/iecon.2016.7793894,,https://ieeexplore.ieee.org/stamp/stamp.jsp?arnumber=7793894,ieee_xplore_2026-02-19_06-02-26.csv,"A new approach to the optimal formation problem is proposed in the sense of the passive target tracking using time difference of arrival (TDOA) data obtained by cooperative UAVs. In most existing methods, under the assumption that arbitrary unbiased and efficient estimator could ..."
EXCLUDE,E_NOT_DOA,No DOA/AoA/array context in title/abstract.,Two-Step Weighted Least-Squares Positioning Algorithm Based on AUV Navigation Velocity in Complex Underwater Acoustic Environments,2026,IEEE Transactions on Geoscience and Remote Sensing,10.1109/tgrs.2026.3658232,,https://ieeexplore.ieee.org/stamp/stamp.jsp?arnumber=11364234,ieee_xplore_2026-02-19_06-02-26.csv,This article focuses on mobile positioning for an autonomous underwater vehicle (AUV) in complex underwater environments. The positioning algorithm based on time of arrival (TOA) assumes that the underwater acoustic communication between the AUV and underwater sensors is real tim...
REVIEW,R_TRACK_ARRAY,Tracking terms with array/radar context; DOA not explicit.,Downlink Training Sequence Design for FDD Multiuser Massive MIMO Systems,2017,IEEE Transactions on Signal Processing,10.1109/tsp.2017.2711522,,https://ieeexplore.ieee.org/stamp/stamp.jsp?arnumber=7938362,ieee_xplore_2026-02-19_06-02-26.csv,We consider the problem of downlink training sequence design for frequency-division-duplex multiuser massive multiple-input multiple-output systems in the general case where users have distinct spatial correlations. The training sequences leverage spatial correlations and are des...
REVIEW,R_TRACK_ARRAY,Tracking terms with array/radar context; DOA not explicit.,RIO-SAR: Synthetic Aperture Radar Imaging of Indoor Scenes Based on Radar-Inertial Odometry Using a Mobile Robot,2024,IEEE Transactions on Radar Systems,10.1109/trs.2024.3488474,,https://ieeexplore.ieee.org/stamp/stamp.jsp?arnumber=10739367,ieee_xplore_2026-02-19_06-02-26.csv,Synthetic aperture radar (SAR) imaging provides a method for increasing the resolution of small and low-cost frequency-modulated continuous wave (FMCW) multiple-input multiple-output (MIMO) radar sensors. Using SAR images as an alternative to traditional point cloud-based represe...
REVIEW,R_TRACK_ARRAY,Tracking terms with array/radar context; DOA not explicit.,Millimeter Wave Real-Time Tracking and Imaging of Moving Objects Based on Virtual MIMO Array and State Vector Prediction,2023,IEEE Access,10.1109/access.2023.3322727,,https://ieeexplore.ieee.org/stamp/stamp.jsp?arnumber=10273996,ieee_xplore_2026-02-19_06-02-26.csv,"Millimeter wave imaging systems are being rapidly applied to indoor security, industrial nondestructive evaluation and automotive radar systems. Millimeter wave real-time imaging is the ultimate goal of many applications. However, in order to achieve high resolution, the current ..."
EXCLUDE,E_NOT_DOA,No DOA/AoA/array context in title/abstract.,High-Precision UWB Sensor-Based Real-Time Locating System for Rodent Behavioral Studies,2025,IEEE Sensors Journal,10.1109/jsen.2025.3572031,,https://ieeexplore.ieee.org/stamp/stamp.jsp?arnumber=11015686,ieee_xplore_2026-02-19_06-02-26.csv,"Precise tracking of rodent movement is a critical component of behavioral studies, particularly for nocturnal species where traditional methods, such as video tracking, are limited by environmental constraints and visibility. This study presents a novel application of ultrawideba..."
EXCLUDE,E_NOT_DOA,No DOA/AoA/array context in title/abstract.,Tracking and Localization of an Acoustic Source in the Observed Area Using a Webcam,2025,2025 New Trends in Aviation Development (NTAD),10.1109/ntad67887.2025.11302562,,https://ieeexplore.ieee.org/stamp/stamp.jsp?arnumber=11302562,ieee_xplore_2026-02-19_06-02-26.csv,"This paper deals with the issue of locating noise sources in an observed area using Eye Tracking technology with a web camera. People tend to automatically move their gaze towards the perceived source of sound; therefore, gaze measurement can be used to quickly, easily, and accur..."
REVIEW,R_TRACK_ARRAY,Tracking terms with array/radar context; DOA not explicit.,Deterministic Channel‐parameter Estimation,2016,"Propagation Channel Characterization, Parameter Estimation, and Modeling for Wireless Communications",10.1002/9781118188248.ch6,,https://ieeexplore.ieee.org/xpl/ebooks/bookPdfWithBanner.jsp?fileName=7656797.pdf&bkn=7601575&pdfType=chapter,ieee_xplore_2026-02-19_06-02-26.csv,"This chapter introduces some widely adopted spectral‐based and parametric algorithms used for estimating channel parameters from measurement data. It describes the Bartlett beamforming method, which is a common spectral‐based method for estimating channel power spectra. The chapt..."
EXCLUDE,E_NOT_DOA,No DOA/AoA/array context in title/abstract.,Comprehensive Evaluation of Robust and Tight Integration of UWB and Low-Cost IMU,2023,IEEE Sensors Journal,10.1109/jsen.2023.3309623,,https://ieeexplore.ieee.org/stamp/stamp.jsp?arnumber=10238435,ieee_xplore_2026-02-19_06-02-26.csv,"With the rapid development of the Internet of Things (IoT), indoor positioning method with characters of high accuracy, continuity, and reliability has become an urgent requirement. Although the global satellite navigation system (GNSS) can provide that information in open-sky co..."
EXCLUDE,E_ARRAY_NO_DOA_TRACK,Array/radar terms but no DOA or tracking terms.,Sensing of Side Lobes Interference for Blockage Prediction in Dense mmWave Networks,2023,"2023 IEEE 34th Annual International Symposium on Personal, Indoor and Mobile Radio Communications (PIMRC)",10.1109/pimrc56721.2023.10293974,,https://ieeexplore.ieee.org/stamp/stamp.jsp?arnumber=10293974,ieee_xplore_2026-02-19_06-02-26.csv,"The integration of sensing capability in the design of wireless communication systems is foreseen as a key enabler for efficient radio resource management in next-generation networks. This paper focuses on millimeter-wave communications, which are subject to severe attenuation du..."
REVIEW,R_TRACK_ARRAY,Tracking terms with array/radar context; DOA not explicit.,AI-Enhanced Quantum-Secured IoT Communication Framework for 6G Cognitive Radio Networks,2024,IEEE Access,10.1109/access.2024.3471711,,https://ieeexplore.ieee.org/stamp/stamp.jsp?arnumber=10701274,ieee_xplore_2026-02-19_06-02-26.csv,"The advent of 6G wireless communication promises improvements in signal coverage, data rates, and latency, addressing increased connectivity demands due to the proliferation of 5G, IoT, and augmented reality. This paper introduces a Quantum-Secured IoT Communication Framework des..."
REVIEW,R_TRACK_ARRAY,Tracking terms with array/radar context; DOA not explicit.,An FMCW MIMO Radar-Vision Fusion Algorithm for Target Classification and Localization,2023,IEEE Access,10.1109/access.2023.3321271,,https://ieeexplore.ieee.org/stamp/stamp.jsp?arnumber=10268437,ieee_xplore_2026-02-19_06-02-26.csv,"In order to solve the problems of slow real-time and poor detection of small targets that still exist in multi-sensor information fusion technology, a frequency-modulated continuous wave (FMCW) multiple-input multiple-output (MIMO) radar-vision fusion algorithm for target classif..."
EXCLUDE,E_NOT_DOA,No DOA/AoA/array context in title/abstract.,Exploiting the Complementarity of Audio and Visual Data in Multi-speaker Tracking,2017,2017 IEEE International Conference on Computer Vision Workshops (ICCVW),10.1109/iccvw.2017.60,,https://ieeexplore.ieee.org/stamp/stamp.jsp?arnumber=8265270,ieee_xplore_2026-02-19_06-02-26.csv,"Multi-speaker tracking is a central problem in human-robot interaction. In this context, exploiting auditory and visual information is gratifying and challenging at the same time. Gratifying because the complementary nature of auditory and visual information allows us to be more ..."
EXCLUDE,E_NOT_DOA,No DOA/AoA/array context in title/abstract.,"Composite Disturbance Filtering: A Novel State Estimation Scheme for Systems With Multisource, Heterogeneous, and Isomeric Disturbances",2023,IEEE Open Journal of the Industrial Electronics Society,10.1109/ojies.2023.3317271,,https://ieeexplore.ieee.org/stamp/stamp.jsp?arnumber=10255262,ieee_xplore_2026-02-19_06-02-26.csv,"State estimation has long been a fundamental problem in signal processing and control areas. The main challenge is to design filters with ability to reject or attenuate various disturbances. With the arrival of Big Data era, the disturbances of complicated systems are physically ..."
EXCLUDE,E_NOT_DOA,No DOA/AoA/array context in title/abstract.,GNSS Vulnerabilities and Existing Solutions: A Review of the Literature,2021,IEEE Access,10.1109/access.2020.2973759,,https://ieeexplore.ieee.org/stamp/stamp.jsp?arnumber=8998218,ieee_xplore_2026-02-19_06-02-26.csv,"This literature review paper focuses on existing vulnerabilities associated with global navigation satellite systems (GNSSs). With respect to the civilian/non encrypted GNSSs, they are employed for proving positioning, navigation and timing (PNT) solutions across a wide range of ..."
REVIEW,R_TRACK_ARRAY,Tracking terms with array/radar context; DOA not explicit.,Multisensor-multitarget bearing-only sensor registration,2016,IEEE Transactions on Aerospace and Electronic Systems,10.1109/taes.2016.150471,,https://ieeexplore.ieee.org/stamp/stamp.jsp?arnumber=7738346,ieee_xplore_2026-02-19_06-02-26.csv,"Bearing-only estimation is one of the fundamental and challenging problems in target tracking. As in the case of radar tracking, the presence of offset or position biases can exacerbate the challenges in bearing-only estimation. Modeling various sensor biases is not a trivial tas..."
EXCLUDE,E_NOT_DOA,No DOA/AoA/array context in title/abstract.,A Pedestrian Indoor Navigation System Using Deep-Learning-Aided Cellular Signals and ZUPT-Aided Foot-Mounted IMUs,2022,IEEE Sensors Journal,10.1109/jsen.2021.3118695,,https://ieeexplore.ieee.org/stamp/stamp.jsp?arnumber=9564043,ieee_xplore_2026-02-19_06-02-26.csv,"A signal-sensor-based indoor pedestrian navigation system is developed. The proposed system: 1) utilizes a foot-mounted inertial navigation system (INS), in which the accumulated errors are mitigated via a zero velocity update (ZUPT) approach; 2) exploits opportunistically cellul..."
REVIEW,R_TRACK_ARRAY,Tracking terms with array/radar context; DOA not explicit.,RAPID: Retrofitting IEEE 802.11ay Access Points for Indoor Human Detection and Sensing,2024,IEEE Transactions on Mobile Computing,10.1109/tmc.2023.3291882,,https://ieeexplore.ieee.org/stamp/stamp.jsp?arnumber=10172159,ieee_xplore_2026-02-19_06-02-26.csv,"In this work we present RAPID, the first joint communication and radar system based on next-generation IEEE 802.11ay WiFi networks operating in the 60 GHz band. Unlike existing approaches for human sensing at millimeter-wave frequencies, which rely on special-purpose radars, RAPI..."
REVIEW,R_TRACK_ARRAY,Tracking terms with array/radar context; DOA not explicit.,Robust Track Association for Ship Localization With Multiple Compact HF Radars,2023,IEEE Transactions on Geoscience and Remote Sensing,10.1109/tgrs.2023.3321336,,https://ieeexplore.ieee.org/stamp/stamp.jsp?arnumber=10268955,ieee_xplore_2026-02-19_06-02-26.csv,"A compact high-frequency (HF) radar is a promising tool for maritime surveillance owing to its over-the-horizon and all-weather ability. However, it typically suffers from low tracking accuracy due to limited azimuth resolution. Cross localization using multiple radars provides a..."
REVIEW,R_TRACK_ARRAY,Tracking terms with array/radar context; DOA not explicit.,ComRadE: Cognitive Passive Tracking in Symbiotic IEEE 802.22 Systems,2017,IEEE Transactions on Aerospace and Electronic Systems,10.1109/taes.2017.2667498,,https://ieeexplore.ieee.org/stamp/stamp.jsp?arnumber=7857021,ieee_xplore_2026-02-19_06-02-26.csv,"This paper deals with a symbiotic radar, defined as a passive radar that is an integral part of a communication network. The symbiotic radar is integrated with an IEEE 802.22 Wireless Regional Area Network and linked with the base station. It can work as a purely passive radar or..."
EXCLUDE,E_NOT_DOA,No DOA/AoA/array context in title/abstract.,Non-Parametric Approach of Video Capsule Endoscope Localization Using Suboptimal Method of Position Bounded CWCL,2017,IEEE Sensors Journal,10.1109/jsen.2017.2743217,,https://ieeexplore.ieee.org/stamp/stamp.jsp?arnumber=8015102,ieee_xplore_2026-02-19_06-02-26.csv,"For proper diagnosis, location of the wireless video capsule endoscope is required to be known by the physicians. In this paper, we propose an algorithm of localizing the capsule using path loss-based calibrated weighted centroid localization (CWCL). The main challenge in path lo..."
EXCLUDE,E_NOT_DOA,No DOA/AoA/array context in title/abstract.,Simultaneous Intent Prediction and State Estimation Using an Intent-Driven Intrinsic Coordinate Model,2020,2020 IEEE 30th International Workshop on Machine Learning for Signal Processing (MLSP),10.1109/mlsp49062.2020.9231596,,https://ieeexplore.ieee.org/stamp/stamp.jsp?arnumber=9231596,ieee_xplore_2026-02-19_06-02-26.csv,"The motion of an object (e.g. ship, jet, pedestrian, bird, drone, etc.) is usually governed by premeditated actions as per an underlying intent, for instance reaching a destination. In this paper, we introduce a novel intent-driven dynamical model based on a continuous-time intri..."
EXCLUDE,E_NOT_DOA,No DOA/AoA/array context in title/abstract.,The Truth Is Out There: Cognitive sensing and opportunistic navigation with unknown terrestrial and nonterrestrial signals,2024,IEEE Signal Processing Magazine,10.1109/msp.2024.3472496,,https://ieeexplore.ieee.org/stamp/stamp.jsp?arnumber=10774074,ieee_xplore_2026-02-19_06-02-26.csv,"There has been significant interest over the past few years in integrated sensing and communication (ISAC) to enable applications, such as the massive Internet of Things, highly automated transportation systems, and military surveillance. Many ISAC studies in the literature consi..."
EXCLUDE,E_NOT_DOA,No DOA/AoA/array context in title/abstract.,Labelled Non-Zero Diffusion Particle Flow SMC-PHD Filtering for Multi-Speaker Tracking,2024,IEEE Transactions on Multimedia,10.1109/tmm.2023.3301221,,https://ieeexplore.ieee.org/stamp/stamp.jsp?arnumber=10237291,ieee_xplore_2026-02-19_06-02-26.csv,"Particle flow (PF) is a method originally proposed for single target tracking, and used recently to address the weight degeneracy problem of the sequential Monte Carlo probability hypothesis density (SMC-PHD) filter for audio-visual (AV) multi-speaker tracking, where the particle..."
EXCLUDE,E_NOT_DOA,No DOA/AoA/array context in title/abstract.,Machine Learning Based Channel Prediction for NR Type II CSI Reporting,2023,ICC 2023 - IEEE International Conference on Communications,10.1109/icc45041.2023.10279531,,https://ieeexplore.ieee.org/stamp/stamp.jsp?arnumber=10279531,ieee_xplore_2026-02-19_06-02-26.csv,"The application of artificial intelligence and machine learning (AI/ML) into the wireless physical layer is under discussion at 3GPP. Channel state information (CSI) prediction is among the sub use cases being studied. In this work, we propose an AI/ML CSI predictor that aims to ..."
REVIEW,R_TRACK_ARRAY,Tracking terms with array/radar context; DOA not explicit.,Routing Protocols and Mobility Predictions for UAV Data Collection From Agricultural Sites: A Survey,2025,IEEE Access,10.1109/access.2025.3582163,,https://ieeexplore.ieee.org/stamp/stamp.jsp?arnumber=11045897,ieee_xplore_2026-02-19_06-02-26.csv,"Unmanned Aerial Vehicles (UAVs), also known as drones, have found applications in precision agriculture owing to their agility and remote access. However, because of battery, bandwidth and environmental constraints, UAV’s networks experience intermittent links and packet drops. T..."
EXCLUDE,E_ARRAY_NO_DOA_TRACK,Array/radar terms but no DOA or tracking terms.,Radar Estimation Rate Maximization for UAV Assisted Integrated Sensing and Communication,2025,IEEE Transactions on Vehicular Technology,10.1109/tvt.2025.3587498,,https://ieeexplore.ieee.org/stamp/stamp.jsp?arnumber=11075958,ieee_xplore_2026-02-19_06-02-26.csv,"Uncrewed aerial vehicles (UAVs), with their high mobility, flexible deployment, and wide coverage capabilities, demonstrate great potential in integrated sensing and communication (ISAC) system. In this paper, we propose a UAV-assisted ISAC system, in which the UAV first performs..."
EXCLUDE,E_NOT_DOA,No DOA/AoA/array context in title/abstract.,Low-Angle Target Tracking in Sea Surface Multipath Using Convolutional Neural Networks,2023,IEEE Transactions on Aerospace and Electronic Systems,10.1109/taes.2023.3282191,,https://ieeexplore.ieee.org/stamp/stamp.jsp?arnumber=10143290,ieee_xplore_2026-02-19_06-02-26.csv,"Multipath interference while tracking sea-skimming targets can significantly distort the estimated height of the target. If accounted for however, this interference can be used to obtain more accurate estimates. In this study, we accomplish this with a convolutional neural networ..."
EXCLUDE,E_NOT_DOA,No DOA/AoA/array context in title/abstract.,"Space-air-ground collaborative positioning, navigation and timing architecture and key technologies for low-altitude economy",2025,China Communications,10.23919/jcc.fa.2025-0129.202509,,https://ieeexplore.ieee.org/stamp/stamp.jsp?arnumber=11207190,ieee_xplore_2026-02-19_06-02-26.csv,"High-performance positioning, navigation and timing (PNT) service is critical to the safe flight of low-altitude aircraft and the effective management of low altitude traffic. In low-altitude economic scenarios, the specificity of massive unmanned aerial vehicle (UAV) flights and..."
EXCLUDE,E_NOT_DOA,No DOA/AoA/array context in title/abstract.,Abstract Book,2021,"2020 International Conference on Computer, Control, Electrical, and Electronics Engineering (ICCCEEE)",10.1109/iccceee49695.2021.9429649,,https://ieeexplore.ieee.org/stamp/stamp.jsp?arnumber=9429649,ieee_xplore_2026-02-19_06-02-26.csv,Presents abstracts for the articles comprising the conference proceedings.
EXCLUDE,E_ARRAY_NO_DOA_TRACK,Array/radar terms but no DOA or tracking terms.,Modeling for Phase Decoupling to Detect the Orientation and Position of Moving Objects With Simple RFID Array,2025,IEEE Transactions on Instrumentation and Measurement,10.1109/tim.2025.3545874,,https://ieeexplore.ieee.org/stamp/stamp.jsp?arnumber=10904860,ieee_xplore_2026-02-19_06-02-26.csv,"Radio frequency identification (RFID) shows great potential for determining the orientation and position of objects in production line, which is critical for industrial automation and intelligence. However, the state-of-the-art schemes face challenges in decoupling the orientatio..."
EXCLUDE,E_NOT_DOA,No DOA/AoA/array context in title/abstract.,GNSS Signal Spoofing Detection based on Satellite Oscillator Stability,2024,2024 International Conference on Satellite Internet (SAT-NET),10.1109/sat-net62854.2024.00016,,https://ieeexplore.ieee.org/stamp/stamp.jsp?arnumber=10844242,ieee_xplore_2026-02-19_06-02-26.csv,"Global navigation satellite systems (GNSS) provide all-weather timing, positioning and navigation services, playing a crucial role in both military and civilian applications. Despite their widespread use, GNSS is vulnerable to severe signal spoofing attacks. In this paper, we pro..."
EXCLUDE,E_NOT_DOA,No DOA/AoA/array context in title/abstract.,Front Matter,2019,"Handbook of Position Location: Theory, Practice, and Advances",10.1002/9781119434610.fmatter,,https://ieeexplore.ieee.org/xpl/ebooks/bookPdfWithBanner.jsp?fileName=8633733.pdf&bkn=8633728&pdfType=chapter,ieee_xplore_2026-02-19_06-02-26.csv,The prelims comprise: <list> <listItem>Half Title</listItem> <listItem>Title</listItem> <listItem>Copyright</listItem> <listItem>Dedication</listItem> <listItem>Contents</listItem> <listItem>Preface</listItem> <listItem>Contributors</listItem> <listItem>About the Companion Websit...
EXCLUDE,E_NOT_DOA,No DOA/AoA/array context in title/abstract.,Self‐Localization of UAV Formations Using Bearing Measurements,2019,"Handbook of Position Location: Theory, Practice, and Advances",10.1002/9781119434610.ch28,,https://ieeexplore.ieee.org/xpl/ebooks/bookPdfWithBanner.jsp?fileName=8633810.pdf&bkn=8633728&pdfType=chapter,ieee_xplore_2026-02-19_06-02-26.csv,"This chapter begins by treating a localization problem recently encountered in an operational context; that is, localizing three agents moving in a plane when the interagent distances are known, and in addition, the angle subtended at each agent by lines drawn from two landmarks ..."
EXCLUDE,E_NOT_DOA,No DOA/AoA/array context in title/abstract.,Learning-Based Estimate-then-Predict Channel Tracking for Cellular-Connected UAV,2024,GLOBECOM 2024 - 2024 IEEE Global Communications Conference,10.1109/globecom52923.2024.10901222,,https://ieeexplore.ieee.org/stamp/stamp.jsp?arnumber=10901222,ieee_xplore_2026-02-19_06-02-26.csv,"Estimating air-to-ground (A2G) channel for a cellular-connected unmanned aerial vehicle (UAV) requires frequent pilot transmission due to its high mobility. To reduce the pilot overhead, researchers have attempted to predict future channels based on the historical ones by leverag..."
EXCLUDE,E_NOT_DOA,No DOA/AoA/array context in title/abstract.,A Novel Cross-band CSI Prediction Scheme for Multi-band Fingerprint based Localization,2024,2024 IEEE Wireless Communications and Networking Conference (WCNC),10.1109/wcnc57260.2024.10570973,,https://ieeexplore.ieee.org/stamp/stamp.jsp?arnumber=10570973,ieee_xplore_2026-02-19_06-02-26.csv,"Because of the advantages of computation complexity compared with traditional localization algorithms, fingerprint based localization is getting increasing demand. Expanding the fingerprint database from the frequency domain by channel reconstruction can improve localization accu..."
EXCLUDE,E_NOT_DOA,No DOA/AoA/array context in title/abstract.,Sound Source Localization and Tracking with Microphone Arrays,2009,Sound Capture and Processing: Practical Approaches,10.1002/9780470994443.ch6,,https://ieeexplore.ieee.org/xpl/ebooks/bookPdfWithBanner.jsp?fileName=8042097.pdf&bkn=8039632&pdfType=chapter,ieee_xplore_2026-02-19_06-02-26.csv,"This chapter contains sections titled: <list style=""bulleted"" xml:id=""l1""> <listItem> Sound Source Localization </listItem> <listItem> Sound Source Localization from a Single Frame </listItem> <listItem> Post‐processing Algorithms </listItem> <listItem> Practical Approaches and T..."
EXCLUDE,E_NOT_DOA,No DOA/AoA/array context in title/abstract.,Geospatial Computing in Mobile Devices,2014,Geospatial Computing in Mobile Devices,,,https://ieeexplore.ieee.org/xpl/ebooks/bookPdfWithBanner.jsp?fileName=9100276.pdf&bkn=9100276&pdfType=book,ieee_xplore_2026-02-19_06-02-26.csv,"Geospatial computing includes utilizing computing devices and sensors to acquire, process, analyze, manage, and visualize geospatial data, which users can then interact with via a large variety of smart geospatial applications. Geospatial computing is a computational-demanding ta..."
REVIEW,R_TRACK_ARRAY,Tracking terms with array/radar context; DOA not explicit.,Multitarget Cross-Localization Method for Distributed Range–Doppler Only High-Frequency Surface Radar,2025,IEEE Transactions on Aerospace and Electronic Systems,10.1109/taes.2025.3600198,,https://ieeexplore.ieee.org/stamp/stamp.jsp?arnumber=11133682,ieee_xplore_2026-02-19_06-02-26.csv,"The multitarget cross-localization using only range–Doppler measurements in a radar system is quite challenging due to the always unknown associations between the measurements, which is commonly referred to as the data association problem. Meanwhile, false associations can lead t..."
REVIEW,R_TRACK_ARRAY,Tracking terms with array/radar context; DOA not explicit.,Application of STFT–NGRC Joint Algorithm for Doppler Through-Wall Radar Target Tracking,2025,IEEE Transactions on Instrumentation and Measurement,10.1109/tim.2025.3593544,,https://ieeexplore.ieee.org/stamp/stamp.jsp?arnumber=11098923,ieee_xplore_2026-02-19_06-02-26.csv,"Estimation accuracy of target instantaneous frequency (IF) significantly affects the tracking performance of a through-wall radar (TWR). In this article, a novel theoretical approach to estimate IF of human targets is proposed with a united application of the short-time Fourier t..."
EXCLUDE,E_NOT_DOA,No DOA/AoA/array context in title/abstract.,Factor Graph Method for Target State Estimation in Bearing-Only Sensor Network,2025,Journal of Systems Engineering and Electronics,10.23919/jsee.2024.000122,,https://ieeexplore.ieee.org/stamp/stamp.jsp?arnumber=10934118,ieee_xplore_2026-02-19_06-02-26.csv,"For target tracking and localization in bearing-only sensor network, it is an essential and significant challenge to solve the problem of plug-and-play expansion while stably enhancing the accuracy of state estimation. This paper proposes a distributed state estimation method bas..."
EXCLUDE,E_NOT_DOA,No DOA/AoA/array context in title/abstract.,Relative Localization for UAV-UGV Based on Correlation of Bearing and Distance,2023,2023 IEEE International Conference on Mechatronics and Automation (ICMA),10.1109/icma57826.2023.10215820,,https://ieeexplore.ieee.org/stamp/stamp.jsp?arnumber=10215820,ieee_xplore_2026-02-19_06-02-26.csv,"To ensure reliable localization for Unmanned Aerial Vehicles(UAVs) in the presence of uncertain speed of the Unmanned Ground Vehicle (UGV), this study examines the relative localization problem of UAV-UGV using distance and bearing measurements. A Correlation of Bearing and Dista..."
INCLUDE,I_DOA_TRACK,Mentions DOA/AoA and tracking (Kalman/EKF/UKF/innovation).,Angle Space Channel Tracking for Hybrid mmWave Massive MIMO Systems,2017,GLOBECOM 2017 - 2017 IEEE Global Communications Conference,10.1109/glocom.2017.8254857,,https://ieeexplore.ieee.org/stamp/stamp.jsp?arnumber=8254857,ieee_xplore_2026-02-19_06-02-26.csv,"mmWave massive multiple-input multiple-output (MIMO) system has gained much attention for its considerable improvement in system throughput. However, the cost of the complex hardware, e.g., the radio frequency (RF) chains, hinders it from the practical deployment. In this paper, ..."
EXCLUDE,E_NOT_DOA,No DOA/AoA/array context in title/abstract.,10 Sensor Fusion for Hybrid Localization,2018,Indoor Geolocation Science and Technology At the Emergence of Smart World and IoT,,,https://ieeexplore.ieee.org/xpl/ebooks/bookPdfWithBanner.jsp?fileName=9226945.pdf&bkn=9218820&pdfType=chapter,ieee_xplore_2026-02-19_06-02-26.csv,Precise and accurate localization is one of the fundamental scientific and engineering technologies needed for the applications enabling the emergence of the Smart World and the Internet of Things (IoT). Popularity of localization technology began when the GPS became open for com...
INCLUDE,I_DOA_TRACK,Mentions DOA/AoA and tracking (Kalman/EKF/UKF/innovation).,Research on Multi-Wave-Gliders Collaborative Location Method Based on Target Bearing,2024,2024 IEEE 10th International Conference on Underwater System Technology: Theory and Applications (USYS),10.1109/usys62456.2024.11116121,,https://ieeexplore.ieee.org/stamp/stamp.jsp?arnumber=11116121,ieee_xplore_2026-02-19_06-02-26.csv,"As a new mobile platform, a wave glider can execute the long-time and long-distance ocean observation and has its potential to collect underwater acoustic data like ships of opportunity and to obtain their further information such as the position, the course and the speed etc. Be..."
INCLUDE,I_DOA_TRACK,Mentions DOA/AoA and tracking (Kalman/EKF/UKF/innovation).,Tracking Position and Orientation Through Millimeter Wave Lens MIMO in 5G Systems,2019,IEEE Signal Processing Letters,10.1109/lsp.2019.2925969,,https://ieeexplore.ieee.org/stamp/stamp.jsp?arnumber=8752016,ieee_xplore_2026-02-19_06-02-26.csv,"Millimeter wave signals and large antenna arrays are considered enabling technologies for future 5G networks. Despite their benefits for achieving high data rate communications, their potential advantages for tracking of the location and rotation angle of the user terminals are n..."
REVIEW,R_TRACK_ARRAY,Tracking terms with array/radar context; DOA not explicit.,Positioning and Location-Based Beamforming for High Speed Trains in 5G NR Networks,2018,2018 IEEE Globecom Workshops (GC Wkshps),10.1109/glocomw.2018.8644311,,https://ieeexplore.ieee.org/stamp/stamp.jsp?arnumber=8644311,ieee_xplore_2026-02-19_06-02-26.csv,"High-accuracy positioning enables emerging of new vertical markets for the forthcoming fifth generation (5G) mobile networks. In this paper, we study network-side positioning and related location-based beamforming for high-speed train (HST) scenario in 5G New Radio (NR) networks...."
EXCLUDE,E_NOT_DOA,No DOA/AoA/array context in title/abstract.,Localization and Positioning Systems for Emergency Responders: A Survey,2017,IEEE Communications Surveys & Tutorials,10.1109/comst.2017.2703620,,https://ieeexplore.ieee.org/stamp/stamp.jsp?arnumber=7927385,ieee_xplore_2026-02-19_06-02-26.csv,The availability of a reliable and accurate indoor positioning system (IPS) for emergency responders during on-duty missions is regarded as an essential tool to improve situational awareness of both the emergency responders and the incident commander. This tool would facilitate t...
EXCLUDE,E_NOT_DOA,No DOA/AoA/array context in title/abstract.,Survey on Opportunistic PNT With Signals From LEO Communication Satellites,2025,IEEE Communications Surveys & Tutorials,10.1109/comst.2024.3406990,,https://ieeexplore.ieee.org/stamp/stamp.jsp?arnumber=10542356,ieee_xplore_2026-02-19_06-02-26.csv,"Positioning, Navigation, and Timing (PNT) is an essential service for modern societies, their industries, and governmental organizations. Mobility, logistics, and agriculture, among others, depend heavily on reliable PNT and will do so even more in the future. However, the predom..."
EXCLUDE,E_NOT_DOA,No DOA/AoA/array context in title/abstract.,Multipath assisted positioning for pedestrians using LTE signals,2016,"2016 IEEE/ION Position, Location and Navigation Symposium (PLANS)",10.1109/plans.2016.7479725,,https://ieeexplore.ieee.org/stamp/stamp.jsp?arnumber=7479725,ieee_xplore_2026-02-19_06-02-26.csv,The rapid growth of available services depending on location awareness has led to a more and more increasing demand for positioning in challenging environments. Global navigation satellite system (GNSS) based positioning methods may fail or show weak performance in indoor and urb...
REVIEW,R_TRACK_ARRAY,Tracking terms with array/radar context; DOA not explicit.,Indoor Multihuman Device-Free Tracking System Using Multiradar Cooperative Sensing,2023,IEEE Sensors Journal,10.1109/jsen.2023.3318999,,https://ieeexplore.ieee.org/stamp/stamp.jsp?arnumber=10268886,ieee_xplore_2026-02-19_06-02-26.csv,"Robust human tracking in indoor environments is an important feature of location-based service applications, including security surveillance, elderly monitoring, and so on. Yet, the advanced technology offered by camera-based device-free tracking systems can raise privacy concern..."
EXCLUDE,E_NOT_DOA,No DOA/AoA/array context in title/abstract.,An Extended Particle Filter-Based Track-Before-Detect Scheme Using OFDM Signals,2026,IEEE Transactions on Communications,10.1109/tcomm.2025.3637048,,https://ieeexplore.ieee.org/stamp/stamp.jsp?arnumber=11268501,ieee_xplore_2026-02-19_06-02-26.csv,"Integrating sensing capabilities into base stations (BSs) represents a crucial research direction for 6G wireless communications. Given limited transmit power and the complex perception environment, it is necessary to enhance the sensing performance of BSs in low signal-to-noise ..."
REVIEW,R_TRACK_ARRAY,Tracking terms with array/radar context; DOA not explicit.,Lightweight Network-Based Real-Time Radar Recognition of In-Air Handwritten Digit Trajectories,2026,IEEE Access,10.1109/access.2026.3651995,,https://ieeexplore.ieee.org/stamp/stamp.jsp?arnumber=11338755,ieee_xplore_2026-02-19_06-02-26.csv,"Millimeter-wave radar offers unique advantages in non-contact gesture recognition due to its excellent penetration capability and privacy-preserving properties. Meanwhile, dynamic handwriting trajectory recognition has gained significant attention for enabling more natural and in..."
INCLUDE,I_DOA_TRACK,Mentions DOA/AoA and tracking (Kalman/EKF/UKF/innovation).,DOA-Based 3D Tracking With Factor Graph Technique for a Multi-Sensor System,2021,IEEE Sensors Journal,10.1109/jsen.2021.3117362,,https://ieeexplore.ieee.org/stamp/stamp.jsp?arnumber=9557297,ieee_xplore_2026-02-19_06-02-26.csv,"In this paper, a direction-of-arrival (DOA)-based factor graph (FG) technique is proposed for three-dimensional (3D) tracking. Multiple sensors are utilized in this system, which could measure both azimuth and elevation DOAs emitted from an anonymous target. To realize non-linear..."
REVIEW,R_DOA_ONLY,Mentions DOA/AoA but no explicit Kalman/tracking terms; review.,Multipath Ghost Recognition for Indoor MIMO Radar,2022,IEEE Transactions on Geoscience and Remote Sensing,10.1109/tgrs.2021.3109381,,https://ieeexplore.ieee.org/stamp/stamp.jsp?arnumber=9542970,ieee_xplore_2026-02-19_06-02-26.csv,"Multipath is a challenging problem for radar-based localization systems, especially in indoor scenarios. Multipath is caused by the bounces from static objects like walls and furniture in the room creating false alarms (“ghosts”) in target detections. Although solutions for the m..."
REVIEW,R_DOA_ONLY,Mentions DOA/AoA but no explicit Kalman/tracking terms; review.,Sequential Learning of CSI for MmWave Initial Alignment,2019,"2019 53rd Asilomar Conference on Signals, Systems, and Computers",10.1109/ieeeconf44664.2019.9049035,,https://ieeexplore.ieee.org/stamp/stamp.jsp?arnumber=9049035,ieee_xplore_2026-02-19_06-02-26.csv,MmWave communications aim to meet the demand for higher data rates by using highly directional beams with access to larger bandwidth. An inherent challenge is acquiring channel state information (CSI) necessary for mmWave transmission. We consider the problem of adaptive and sequ...
INCLUDE,I_DOA_TRACK,Mentions DOA/AoA and tracking (Kalman/EKF/UKF/innovation).,Active Beam Tracking Under Stochastic Mobility,2021,ICC 2021 - IEEE International Conference on Communications,10.1109/icc42927.2021.9500601,,https://ieeexplore.ieee.org/stamp/stamp.jsp?arnumber=9500601,ieee_xplore_2026-02-19_06-02-26.csv,"In mmWave communications, higher data rate long-range transmission is achieved by using highly directional beams with access to larger bandwidth. An inherent challenge is tracking channel state information (CSI) necessary for mmWave transmission under systems with unpredictable m..."
INCLUDE,I_DOA_TRACK,Mentions DOA/AoA and tracking (Kalman/EKF/UKF/innovation).,A Robust Autonomous Following Method for Mobile Robots in Dynamic Environments,2020,IEEE Access,10.1109/access.2020.3016472,,https://ieeexplore.ieee.org/stamp/stamp.jsp?arnumber=9166616,ieee_xplore_2026-02-19_06-02-26.csv,"Autonomous following is one of the key issues in mobile robotics with a wide range of applications in commercial, industrial and military areas. To achieve autonomous following, the robot needs not only to robustly detect and track the target, but also efficiently follow the targ..."
EXCLUDE,E_ARRAY_NO_DOA_TRACK,Array/radar terms but no DOA or tracking terms.,Accurate Position and Orientation Estimation for UWB-Only Systems Using a Single Dual-Antenna Module,2026,Electronics (Switzerland),10.3390/electronics15020369,,,scopus_2026-02-19.csv,
REVIEW,R_DOA_ONLY,Mentions DOA/AoA but no explicit Kalman/tracking terms; review.,A fast and accurate maximum likelihood particle filtering for the indoor DoA-based positioning,2025,Geomatica,10.1016/j.geomat.2025.100058,,,scopus_2026-02-19.csv,
EXCLUDE,E_NOT_DOA,No DOA/AoA/array context in title/abstract.,Fine-tuning hybrid dynamics with physics-informed neural networks for vehicle dynamics estimation,2025,International Journal of Intelligent Robotics and Applications,10.1007/s41315-025-00452-4,,,scopus_2026-02-19.csv,
EXCLUDE,E_NOT_DOA,No DOA/AoA/array context in title/abstract.,Application potential of miniaturized acoustic arrays in photoacoustic fusion platforms: algorithm and hardware implementation,2025,Proceedings of SPIE - The International Society for Optical Engineering,10.1117/12.3074158,,,scopus_2026-02-19.csv,
EXCLUDE,E_NOT_DOA,No DOA/AoA/array context in title/abstract.,Key parameter-enhanced canonical model for lithium-ion battery state-of-charge estimation,2025,Measurement: Journal of the International Measurement Confederation,10.1016/j.measurement.2025.117994,,,scopus_2026-02-19.csv,
EXCLUDE,E_NOT_DOA,No DOA/AoA/array context in title/abstract.,Axial temperature distribution estimation of induction motor slot conductors using a fractional-order thermal diffusion model and extended Kalman filter,2025,Applied Thermal Engineering,10.1016/j.applthermaleng.2025.126831,,,scopus_2026-02-19.csv,
EXCLUDE,E_NOT_DOA,No DOA/AoA/array context in title/abstract.,An Automatic Arrival Time Parametric Imaging Method for the Classification of Blood Perfusion Direction of Lymph Nodes in Contrast-Enhanced Ultrasound Videos,2025,Ultrasound in Medicine and Biology,10.1016/j.ultrasmedbio.2025.06.008,,,scopus_2026-02-19.csv,
INCLUDE,I_DOA_TRACK,Mentions DOA/AoA and tracking (Kalman/EKF/UKF/innovation).,An efficient algorithm for mutiple direction of arrival tracking based on the constrained projection approximation approach and Kalman filter,2007,"2007 IEEE INTERNATIONAL CONFERENCE ON ACOUSTICS, SPEECH, AND SIGNAL PROCESSING, VOL II, PTS 1-3",,,,wos_savedrecs_2026-02-19.xls,"In this paper, we present a direction of arrival (DOA) tracking scheme involving a subspace tracking algorithm and a Kalman filter. The proposed subspace tracking algorithm is based on an interpretation of the signal subspace as the solution of a minimization of a constrained pro..."
INCLUDE,I_DOA_TRACK,Mentions DOA/AoA and tracking (Kalman/EKF/UKF/innovation).,Kalman filtering method for sparse off-grid angle estimation for bistatic multiple-input multiple-output radar,2020,IET RADAR SONAR AND NAVIGATION,10.1049/iet-rsn.2019.0416,,,wos_savedrecs_2026-02-19.xls,"In order to address the off-grid angular estimation of direction of departure and direction of arrival of a target for bistatic multiple-input multiple-output radar, a novel method involving the combined effect of compressive sensing theory and an optimal estimation algorithm is ..."
REVIEW,R_TRACK_ARRAY,Tracking terms with array/radar context; DOA not explicit.,Fast Predictive Angle Tracking (FPAT) Algorithm for Tracking Multiple Targets,2009,MUSP '06: PROCEEDINGS OF THE 9TH WSEAS INTERNATIONAL CONFERENCE ON MULTIMEDIA SYSTEMS AND SIGNAL PROCESSING,,,,wos_savedrecs_2026-02-19.xls,"In this paper, we propose a novel angle tracking algorithm for tracking multiple targets. The proposed algorithm modifies the algorithm presented by Park, et al. in two ways by using the sensor array output vector rather than the sample covariance matrix and by incorporating the ..."
INCLUDE,I_DOA_TRACK,Mentions DOA/AoA and tracking (Kalman/EKF/UKF/innovation).,Three-dimensional millimetre-wave beam tracking based on smart phone sensor measurements and direction of arrival/time of arrival estimation for 5G networks,2018,IET MICROWAVES ANTENNAS & PROPAGATION,10.1049/iet-map.2017.0329,,,wos_savedrecs_2026-02-19.xls,"The narrow millimetre-wave beam in future 5G networks is easily interrupted by the movement of mobile handsets including both location change and self-rotation. In this study, a three-dimensional beam tracking method is proposed to achieve beam alignment between the access node a..."
INCLUDE,I_DOA_TRACK,Mentions DOA/AoA and tracking (Kalman/EKF/UKF/innovation).,NOVEL ALGORITHMS FOR TRACKING MULTIPLE TARGETS,2010,JOURNAL OF MARINE SCIENCE AND TECHNOLOGY-TAIWAN,,,,wos_savedrecs_2026-02-19.xls,"In this paper, two novel angle tracking algorithms are proposed for tracking multiple targets using an array of sensors with known locations. First, we present an extended Kalman particle filter (EKPF) which is capable of determining the direction-of-arrival (DOA) angles using a ..."
INCLUDE,I_DOA_TRACK,Mentions DOA/AoA and tracking (Kalman/EKF/UKF/innovation).,An efficient PASTd-algorithm implementation for multiple direction of arrival tracking,1999,IEEE TRANSACTIONS ON SIGNAL PROCESSING,10.1109/78.774778,,,wos_savedrecs_2026-02-19.xls,"We propose a simple direction-of-arrival (DOA) tracking scheme involving the PASTd-algorithm and a Kalman filter. The DOA's are obtained via a Newton-type method initialized with the DOA's predicted by the Kalman filter, The data association is then avoided. The tracking capabili..."
INCLUDE,I_DOA_TRACK,Mentions DOA/AoA and tracking (Kalman/EKF/UKF/innovation).,Direction of arrival estimation method using a 2-L shape arrays antenna,2007,PROGRESS IN ELECTROMAGNETICS RESEARCH-PIER,10.2528/pier06120204,,,wos_savedrecs_2026-02-19.xls,"The paper presents a new algorithm for a 2-dimensionnal direction of arrival estimation. Based on the extended Kalman filter (EKF), we analyse a recursive procedure for 2-dimensional directions of arrival (DOA) estimation and we will employ the two-L-shape arrays. A new space-var..."
INCLUDE,I_DOA_TRACK,Mentions DOA/AoA and tracking (Kalman/EKF/UKF/innovation).,Constrained Kalman Filter based Interference Suppression in Phased Arrays,2014,2014 IEEE INTERNATIONAL MICROWAVE AND RF CONFERENCE (IMARC),,,,wos_savedrecs_2026-02-19.xls,The constrained Kalman filter-based adaptive algorithm has fast convergence and robustness towards direction-of-arrival (DOA) mismatch. This motivates its usage for interference suppression in phased arrays. The constraints related to high gain towards the desired source and mini...
INCLUDE,I_DOA_TRACK,Mentions DOA/AoA and tracking (Kalman/EKF/UKF/innovation).,Joint angular and spectral estimation technique using nonlinear Kalman filters for cognitive radio,2018,AEU-INTERNATIONAL JOURNAL OF ELECTRONICS AND COMMUNICATIONS,10.1016/j.aeue.2017.10.007,,,wos_savedrecs_2026-02-19.xls,The joint estimation of direction of arrivals (DOA) and carrier frequencies of band-limited source signals is considered in this paper. A novel technique based on nonlinear Kalman filters is proposed for this joint angular and spectral estimation problem for cognitive radio (CR)....
INCLUDE,I_DOA_TRACK,Mentions DOA/AoA and tracking (Kalman/EKF/UKF/innovation).,Practical Direction of Arrival Estimator using Constrained Robust Kalman Filtering,2013,"2013 13TH INTERNATIONAL CONFERENCE ON CONTROL, AUTOMATION AND SYSTEMS (ICCAS 2013)",,,,wos_savedrecs_2026-02-19.xls,"This paper proposes a linear estimation theory based direction of arrival (DOA) estimator to guarantee high-performance and computational efficiency. To do this, state-space system is derived from the linear prediction relation of the sinusoidal acoustic signal. Since it contains..."
INCLUDE,I_DOA_TRACK,Mentions DOA/AoA and tracking (Kalman/EKF/UKF/innovation).,Direction-of-Arrival Estimation in Sensor Arrays for Moving Terminals,2017,2017 14TH IEEE ANNUAL CONSUMER COMMUNICATIONS & NETWORKING CONFERENCE (CCNC),,,,wos_savedrecs_2026-02-19.xls,"The beamforming technique usually employs multiple sensors or sensor array to enhance receiving signals such that the generalized sidelobe canceler (GSC) is commonly applied for eliminating interfering signals. In this paper, a new direction-of- arrival (DOA) estimation method is..."
INCLUDE,I_DOA_TRACK,Mentions DOA/AoA and tracking (Kalman/EKF/UKF/innovation).,Robust Underwater Direction-of-Arrival Tracking with Uncertain Measurement Noise,2023,"ADVANCES IN GUIDANCE, NAVIGATION AND CONTROL",10.1007/978-981-19-6613-2_663,,,wos_savedrecs_2026-02-19.xls,"A robust underwater direction-of-arrival (DOA) tracking technique is presented by the paper. Firstly, considering the port and starboard ambiguity problem, the measurement model is founded as a non-linear sound pressure model based on a uniform circular array. Then, considering t..."
INCLUDE,I_DOA_TRACK,Mentions DOA/AoA and tracking (Kalman/EKF/UKF/innovation).,A fast DOA tracking algorithm based on the extended Kalman filter,2000,PROCEEDINGS OF THE IEEE 2000 NATIONAL AEROSPACE AND ELECTRONICS CONFERENCE: ENGINEERING TOMORROW,,,,wos_savedrecs_2026-02-19.xls,Many direction of arrival (DOA) tracking algorithms suffer heavy computational complexity due to their dependence on the sample covariance matrix. We propose a new DOA tracking algorithm that uses the extended Kalman filter (EKF). Because the proposed algorithm is based on a sing...
EXCLUDE,E_NOT_DOA,No DOA/AoA/array context in title/abstract.,Recursive source localisation by time difference of arrival sensor networks with sensor position uncertainty,2014,IET CONTROL THEORY AND APPLICATIONS,10.1049/iet-cta.2014.0245,,,wos_savedrecs_2026-02-19.xls,"In a passive sensor network, time difference of arrival (TDOA) measurements are often exploited for source localisation. The extended Kalman filter (EKF) is usually used for source localisation in a mobile sensor network; however, its performance is limited because of the non-lin..."
INCLUDE,I_DOA_TRACK,Mentions DOA/AoA and tracking (Kalman/EKF/UKF/innovation).,Joint DOA Estimation and Source Signal Tracking With Kalman Filtering and Regularized QRD RLS Algorithm,2013,IEEE TRANSACTIONS ON CIRCUITS AND SYSTEMS II-EXPRESS BRIEFS,10.1109/tcsii.2012.2234874,,,wos_savedrecs_2026-02-19.xls,"In this brief, we present a nontraditional approach for estimating and tracking signal direction-of-arrival (DOA) using an array of sensors. The proposed method consists of two stages: in the first stage, the sources modeled by autoregressive (AR) processes are estimated by the c..."
INCLUDE,I_DOA_TRACK,Mentions DOA/AoA and tracking (Kalman/EKF/UKF/innovation).,Robust Underwater Direction-of-Arrival Tracking Based on AI-Aided Variational Bayesian Extended Kalman Filter,2023,REMOTE SENSING,10.3390/rs15020420,,,wos_savedrecs_2026-02-19.xls,The AI-aided variational Bayesian extended Kalman filter (AI-VBEKF)-based robust direction-of-arrival (DOA) technique is proposed to make reliable estimations of the bearing angle of an uncooperative underwater target with uncertain environment noise. Considering that the large e...
REVIEW,R_TRACK_ARRAY,Tracking terms with array/radar context; DOA not explicit.,A Wrapped Kalman Filter for Azimuthal Speaker Tracking,2013,IEEE SIGNAL PROCESSING LETTERS,10.1109/lsp.2013.2287125,,,wos_savedrecs_2026-02-19.xls,"We present the wrapped Kalman filter (WKF) for tracking the azimuth of a speaker with a compact, 3-channel microphone array. Traditional extended and unscented filters assume that the observation is a rotating vector in. However, the azimuth inhabits a 1-D subspace: the unit circ..."
INCLUDE,I_DOA_TRACK,Mentions DOA/AoA and tracking (Kalman/EKF/UKF/innovation).,DVB-T Passive Radar Tracking on Real Data Using Extended Kalman Filter with DOA Estimation,2013,"2013 14TH INTERNATIONAL RADAR SYMPOSIUM (IRS), VOLS 1 AND 2",,,,wos_savedrecs_2026-02-19.xls,"This paper presents a tracking algorithm for bistatic DVB-T passive radar based on the Extended Kalman Filter (EKF), exploiting measurement of bistatic range and bistatic velocity of a target. Also the direction of arrival of the target is estimated through beamforming and then u..."
INCLUDE,I_DOA_TRACK,Mentions DOA/AoA and tracking (Kalman/EKF/UKF/innovation).,Constrained Kalman Filter for Localization and Tracking Based on TDOA and DOA Measurements,2009,PROCEEDINGS OF THE 2009 INTERNATIONAL CONFERENCE ON SIGNAL PROCESSING SYSTEMS,10.1109/icsps.2009.40,,,wos_savedrecs_2026-02-19.xls,The problem of localization and tracking of GMTs (ground moving targets) is investigated based on measurements of TDOA (time-difference of arrival) and DOA (direction of arrival) for which the measurement noises are assumed to be independent and identically distributed (i.i.d.). ...
INCLUDE,I_DOA_TRACK,Mentions DOA/AoA and tracking (Kalman/EKF/UKF/innovation).,Adaptive EKF-CMAC-Based Multisensor Data Fusion for Maneuvering Target,2013,IEEE TRANSACTIONS ON INSTRUMENTATION AND MEASUREMENT,10.1109/tim.2013.2247712,,,wos_savedrecs_2026-02-19.xls,"In the multisensor passive location, the direction of arrival (DOA) and time differences of arrival (TDOA) are the most useful detection data. Applying multiple sensors to locate and track a maneuvering target is, in fact, a nonlinear uncertain problem. The extended Kalman filter..."
INCLUDE,I_DOA_TRACK,Mentions DOA/AoA and tracking (Kalman/EKF/UKF/innovation).,Robust underwater direction-of-arrival tracking based on variational Bayesian extended Kalman filter,2023,JASA EXPRESS LETTERS,10.1121/10.0016837,,,wos_savedrecs_2026-02-19.xls,"The variational Bayesian extended Kalman filter (VB-EKF) based robust direction-of-arrival (DOA) tracking technique is proposed to make reliable estimations of the bearing angle of an underwater target with uncertain environment noise. By utilizing the VB-EKF scheme, the uncertai..."
EXCLUDE,E_NOT_DOA,No DOA/AoA/array context in title/abstract.,A fast global node selection algorithm for bearings-only target localization,2008,CHINESE JOURNAL OF AERONAUTICS,,,,wos_savedrecs_2026-02-19.xls,"In the target tracking, the nodes aggregate their observations of the directions of arrival of the target. The network then uses an extended Kalman filter (EKF) to combine the measurements from multiple snapshots to track the target. In order to rapidly select the best subset of ..."
INCLUDE,I_DOA_TRACK,Mentions DOA/AoA and tracking (Kalman/EKF/UKF/innovation).,Uplink Positioning Architecture and Algorithm for Femtocell Networks,2015,2015 SEVENTH INTERNATIONAL CONFERENCE ON UBIQUITOUS AND FUTURE NETWORKS,,,,wos_savedrecs_2026-02-19.xls,This paper proposed an uplink positioning algorithm of adaptive extended Kalman filter (AEKF) aided with time difference of arrival (TDOA) measurements between the pairs of four eNBs for estimating the position of moving user equipment (MUE). The concept of cloud-assisted femtoce...
EXCLUDE,E_NOT_DOA,No DOA/AoA/array context in title/abstract.,Robust estimation of sound direction for robot interface,2008,"2008 IEEE INTERNATIONAL CONFERENCE ON ROBOTICS AND AUTOMATION, VOLS 1-9",10.1109/robot.2008.4543742,,,wos_savedrecs_2026-02-19.xls,"This paper proposes a robust method to estimate sound direction for mobile robot interface. In contrast to other methods, the proposed method estimates sound direction at intervals of short time to deal with deterioration by movement of sound source or robot. The two methods, dis..."
INCLUDE,I_DOA_TRACK,Mentions DOA/AoA and tracking (Kalman/EKF/UKF/innovation).,Target tracking with multi acoustic array sensors data,2007,DEFENCE SCIENCE JOURNAL,10.14429/dsj.57.1772,,,wos_savedrecs_2026-02-19.xls,"Acoustic array sensor along with Root-MUSIC algorithm is used to estimate the direction of arrival of the acoustic signal emitted by an acoustic target. Three architectures are used to track the target in Cartesian coordinates: (i) digital filter with least square estimation, (ii..."
INCLUDE,I_DOA_TRACK,Mentions DOA/AoA and tracking (Kalman/EKF/UKF/innovation).,Sensor array calibration via tracking with the extended Kalman filter,2001,"SENSOR FUSION: ARCHITECTURES, ALGORITHMS AND APPLICATIONS V",10.1117/12.421122,,,wos_savedrecs_2026-02-19.xls,"Starting with a randomly distributed sensor array with unknown sensor orientations, array calibration is needed before target localization and tracking can be performed using classical triangulation methods. In this paper, we assume that the sensors are only capable of accurate d..."
INCLUDE,I_DOA_TRACK,Mentions DOA/AoA and tracking (Kalman/EKF/UKF/innovation).,EXTENDED KALMAN FILTER WITH PROBABILISTIC DATA ASSOCIATION FOR MULTIPLE NON-CONCURRENT SPEAKER LOCALIZATION IN REVERBERANT ENVIRONMENTS,2014,"2014 IEEE INTERNATIONAL CONFERENCE ON ACOUSTICS, SPEECH AND SIGNAL PROCESSING (ICASSP)",,,,wos_savedrecs_2026-02-19.xls,"Acoustic source localization and tracking (ASLT) in reverberant environments is a challenging task due to the multi-path propagation of acoustic waves. ASLT is often based on the use of a Kalman filter or a particle filter, with time-difference-of-arrival (TDOA) estimates used as..."
INCLUDE,I_DOA_TRACK,Mentions DOA/AoA and tracking (Kalman/EKF/UKF/innovation).,A low complexity maximum likelihood algorithm for targets DOA tracking,2006,"2006 8TH INTERNATIONAL CONFERENCE ON SIGNAL PROCESSING, VOLS 1-4",,,,wos_savedrecs_2026-02-19.xls,"This work presents a low. complexity bootstrapping filter for target direction-of-arrival tracking in array signal processing, and derives a Monte Carlo maximum likelihood method. Similar to bootstrapping, our new algorithm bypasses the resampling step and directly generates the ..."
INCLUDE,I_DOA_TRACK,Mentions DOA/AoA and tracking (Kalman/EKF/UKF/innovation).,Compressive Position and Attitude Estimation Using Ground-Based Beacon,2017,JOURNAL OF GUIDANCE CONTROL AND DYNAMICS,10.2514/1.g002292,,,wos_savedrecs_2026-02-19.xls,"An efficient position and attitude estimation method is proposed based on the compressive sensing and extended Kalman filter. A set of ground-based beacons is used as references, and the beacon signals are received by the compact uniform linear arrays equipped on the object. Comp..."
INCLUDE,I_DOA_TRACK,Mentions DOA/AoA and tracking (Kalman/EKF/UKF/innovation).,High Performance DOA/TOA-based Endoscopy Capsule Localization and Tracking via 2D Circular Arrays and Inertial Measurement Unit,2013,2013 IEEE INTERNATIONAL CONFERENCE ON WIRELESS FOR SPACE AND EXTREME ENVIRONMENTS (WISEE 2013),,,,wos_savedrecs_2026-02-19.xls,"This paper investigates the performance of Wireless Capsule Endoscopy (WCE) tracking within the irregular environment of digestion system by incorporating the Directional-of-Arrival (DOA), Time-of-Arrival (TOA) and Inertial Measurement Unit (IMU) measurements with the Extended Ka..."
INCLUDE,I_DOA_TRACK,Mentions DOA/AoA and tracking (Kalman/EKF/UKF/innovation).,2-D DOA tracking using variational sparse Bayesian learning embedded with Kalman filter,2018,EURASIP JOURNAL ON ADVANCES IN SIGNAL PROCESSING,10.1186/s13634-018-0541-0,,,wos_savedrecs_2026-02-19.xls,"In this paper, we consider the 2-D direction-of-arrival (DOA) tracking problem. The signals are captured by a uniform spherical array and therefore can be analyzed in the spherical harmonics domain. Exploiting the sparsity of source DOAs in the whole angular region, we propose a ..."
INCLUDE,I_DOA_TRACK,Mentions DOA/AoA and tracking (Kalman/EKF/UKF/innovation).,Circular Arrays and Inertial Measurement Unit for DOA/TOA/TDOA-Based Endoscopy Capsule Localization: Performance and Complexity Investigation,2014,IEEE SENSORS JOURNAL,10.1109/jsen.2014.2331244,,,wos_savedrecs_2026-02-19.xls,"This paper investigates the performance of wireless capsule endoscopy (WCE) tracking within the irregular environment of digestion system by integrating directionalof- arrival (DOA), time-of-arrival (TOA) [or time-differenceof- arrival (TDOA)], and inertial measurement unit (IMU)..."
INCLUDE,I_DOA_TRACK,Mentions DOA/AoA and tracking (Kalman/EKF/UKF/innovation).,A Novel Angle-of-Arrival Assisted Extended Kalman Filter Tracking Algorithm with Space-Time Correlation based Motion Parameters Estimation,2013,2013 9TH INTERNATIONAL WIRELESS COMMUNICATIONS AND MOBILE COMPUTING CONFERENCE (IWCMC),,,,wos_savedrecs_2026-02-19.xls,"In this paper, we propose a novel mobile terminal (MT) tracking approach performed at the fixed terminal (FT). The method involves three steps: motion-dependent parameters estimation, extended Kalman filter (EKF) based tracking and enhanced estimation accuracy through additional ..."
REVIEW,R_TRACK_ARRAY,Tracking terms with array/radar context; DOA not explicit.,ESTIMATION OF ARRIVAL WAVES USING AN EXTENDED KALMAN FILTER,1995,IEICE TRANSACTIONS ON COMMUNICATIONS,,,,wos_savedrecs_2026-02-19.xls,"The technique for estimating the parameters of multiple waves provides a convenient tool for analysis of multiple wave-fields and eventually for actual applications to mobile communications. Several algorithms have been proposed For those purposes. However, the best tactics to re..."
INCLUDE,I_DOA_TRACK,Mentions DOA/AoA and tracking (Kalman/EKF/UKF/innovation).,Adaptive complex-EKF-based DOA estimation for GPS spoofing detection,2018,IET SIGNAL PROCESSING,10.1049/iet-spr.2016.0646,,,wos_savedrecs_2026-02-19.xls,"In this study, a simple but effective spoofing detection method using a global positioning system (GPS) directional antenna is proposed which exploits the difference between the estimated direction-of-arrival (DOA) and the measured DOA from a GPS almanac and ephemeris data. The r..."
INCLUDE,I_DOA_TRACK,Mentions DOA/AoA and tracking (Kalman/EKF/UKF/innovation).,Fast Mobile Target Tracking Based on Kalman Filter and MUSIC Algorithm,2008,"ISCSCT 2008: INTERNATIONAL SYMPOSIUM ON COMPUTER SCIENCE AND COMPUTATIONAL TECHNOLOGY, VOL 1, PROCEEDINGS",10.1109/iscsct.2008.35,,,wos_savedrecs_2026-02-19.xls,"This paper presents a Kalman-filter-based method, to track the direction-of-arrival (DOA) of a moving target using antenna array in mobile communications. There are two major new features about the proposed scheme. Firstly, traditional Kalman filter needs measurement transformed...."
